Jul 31 17:37:36 giropops-control-plane systemd[1]: kubelet.service - kubelet: The Kubernetes Node Agent skipped, unmet condition check ConditionPathExists=/var/lib/kubelet/config.yaml
Jul 31 17:37:59 giropops-control-plane systemd[1]: Starting kubelet.service - kubelet: The Kubernetes Node Agent...
Jul 31 17:37:59 giropops-control-plane systemd[1]: Started kubelet.service - kubelet: The Kubernetes Node Agent.
Jul 31 17:38:02 giropops-control-plane kubelet[253]: I0731 17:38:02.657418     253 server.go:545] "Kubelet version" kubeletVersion="v1.36.1"
Jul 31 17:38:02 giropops-control-plane kubelet[253]: I0731 17:38:02.659966     253 server.go:547] "Golang settings" GOGC="" GOMAXPROCS="" GOTRACEBACK=""
Jul 31 17:38:02 giropops-control-plane kubelet[253]: I0731 17:38:02.659991     253 watchdog_linux.go:94] "Systemd watchdog is not enabled"
Jul 31 17:38:02 giropops-control-plane kubelet[253]: I0731 17:38:02.659998     253 watchdog_linux.go:137] "Systemd watchdog is not enabled or the interval is invalid, so health checking will not be started."
Jul 31 17:38:02 giropops-control-plane kubelet[253]: I0731 17:38:02.679022     253 server.go:985] "Client rotation is on, will bootstrap in background"
Jul 31 17:38:03 giropops-control-plane kubelet[253]: I0731 17:38:03.052707     253 dynamic_cafile_content.go:161] "Starting controller" name="client-ca-bundle::/etc/kubernetes/pki/ca.crt"
Jul 31 17:38:03 giropops-control-plane kubelet[253]: E0731 17:38:03.402479     253 certificate_manager.go:596] "Failed while requesting a signed certificate from the control plane" err="cannot create certificate signing request: Post \"https://172.21.0.2:6443/apis/certificates.k8s.io/v1/certificatesigningrequests\": dial tcp 172.21.0.2:6443: connect: connection refused" logger="kubernetes.io/kube-apiserver-client-kubelet.UnhandledError"
Jul 31 17:38:04 giropops-control-plane kubelet[253]: I0731 17:38:04.005685     253 server.go:1448] "Using cgroup driver setting received from the CRI runtime" cgroupDriver="systemd"
Jul 31 17:38:04 giropops-control-plane kubelet[253]: I0731 17:38:04.337240     253 server.go:869] "NoSwap is set due to memorySwapBehavior not specified" memorySwapBehavior="" FailSwapOn=false
Jul 31 17:38:04 giropops-control-plane kubelet[253]: I0731 17:38:04.359964     253 swap_util.go:119] "Swap is on" /proc/swaps contents=<
Jul 31 17:38:04 giropops-control-plane kubelet[253]:         Filename                                Type                Size                Used                Priority
Jul 31 17:38:04 giropops-control-plane kubelet[253]:         /dev/dm-0                               partition        4193784                0                -2
Jul 31 17:38:04 giropops-control-plane kubelet[253]:         /dev/zram0                              partition        16370684        0                1000
Jul 31 17:38:04 giropops-control-plane kubelet[253]:  >
Jul 31 17:38:04 giropops-control-plane kubelet[253]: I0731 17:38:04.371601     253 container_manager_linux.go:273] "Container manager verified user specified cgroup-root exists" cgroupRoot=["kubelet"]
Jul 31 17:38:04 giropops-control-plane kubelet[253]: I0731 17:38:04.386536     253 container_manager_linux.go:278] "Creating Container Manager object based on Node Config" nodeConfig={"NodeName":"giropops-control-plane","RuntimeCgroupsName":"/system.slice/containerd.service","SystemCgroupsName":"","KubeletCgroupsName":"","KubeletOOMScoreAdj":-999,"ContainerRuntime":"","CgroupsPerQOS":true,"CgroupRoot":"/kubelet","CgroupDriver":"systemd","KubeletRootDir":"/var/lib/kubelet","ProtectKernelDefaults":false,"KubeReservedCgroupName":"","SystemReservedCgroupName":"","ReservedSystemCPUs":{},"EnforceNodeAllocatable":{"pods":{}},"KubeReserved":null,"SystemReserved":null,"HardEvictionThresholds":[],"QOSReserved":{},"CPUManagerPolicy":"none","CPUManagerPolicyOptions":null,"TopologyManagerScope":"container","CPUManagerReconcilePeriod":10000000000,"MemoryManagerPolicy":"None","MemoryManagerReservedMemory":null,"MemoryReservationPolicy":"None","PodPidsLimit":-1,"EnforceCPULimits":true,"CPUCFSQuotaPeriod":100000000,"TopologyManagerPolicy":"none","TopologyManagerPolicyOptions":null,"CgroupVersion":2}
Jul 31 17:38:04 giropops-control-plane kubelet[253]: I0731 17:38:04.402048     253 topology_manager.go:172] "Creating topology manager with none policy"
Jul 31 17:38:04 giropops-control-plane kubelet[253]: I0731 17:38:04.402081     253 container_manager_linux.go:309] "Creating device plugin manager"
Jul 31 17:38:04 giropops-control-plane kubelet[253]: I0731 17:38:04.402218     253 container_manager_linux.go:318] "Creating Dynamic Resource Allocation (DRA) manager"
Jul 31 17:38:04 giropops-control-plane kubelet[253]: I0731 17:38:04.565767     253 state_mem.go:45] "Initialized" logger="CPUManager state memory"
Jul 31 17:38:04 giropops-control-plane kubelet[253]: I0731 17:38:04.648234     253 kubelet.go:485] "Attempting to sync node with API server"
Jul 31 17:38:04 giropops-control-plane kubelet[253]: I0731 17:38:04.653484     253 kubelet.go:386] "Adding static pod path" path="/etc/kubernetes/manifests"
Jul 31 17:38:04 giropops-control-plane kubelet[253]: I0731 17:38:04.653513     253 kubelet.go:397] "Adding apiserver pod source"
Jul 31 17:38:04 giropops-control-plane kubelet[253]: I0731 17:38:04.653522     253 apiserver.go:41] "Waiting for node sync before watching apiserver pods"
Jul 31 17:38:04 giropops-control-plane kubelet[253]: I0731 17:38:04.867452     253 kuberuntime_manager.go:308] "Container runtime initialized" containerRuntime="containerd" version="v2.3.1" apiVersion="v1"
Jul 31 17:38:05 giropops-control-plane kubelet[253]: I0731 17:38:05.156921     253 kubelet.go:1002] "Not starting ClusterTrustBundle informer because we are in static kubelet mode or the ClusterTrustBundleProjection featuregate is disabled"
Jul 31 17:38:05 giropops-control-plane kubelet[253]: I0731 17:38:05.229510     253 kubelet.go:1029] "Not starting PodCertificateRequest manager because we are in static kubelet mode or the PodCertificateProjection feature gate is disabled"
Jul 31 17:38:05 giropops-control-plane kubelet[253]: W0731 17:38:05.292594     253 probe.go:275] Flexvolume plugin directory at /usr/libexec/kubernetes/kubelet-plugins/volume/exec/ does not exist. Recreating.
Jul 31 17:38:05 giropops-control-plane kubelet[253]: I0731 17:38:05.521705     253 server.go:1285] "Started kubelet"
Jul 31 17:38:05 giropops-control-plane kubelet[253]: I0731 17:38:05.528645     253 fs_resource_analyzer.go:69] "Starting FS ResourceAnalyzer"
Jul 31 17:38:05 giropops-control-plane kubelet[253]: I0731 17:38:05.531595     253 ratelimit.go:56] "Setting rate limiting for endpoint" service="podresources" qps=100 burstTokens=10
Jul 31 17:38:05 giropops-control-plane kubelet[253]: I0731 17:38:05.546076     253 volume_manager.go:310] "Starting Kubelet Volume Manager"
Jul 31 17:38:05 giropops-control-plane kubelet[253]: I0731 17:38:05.534431     253 server.go:193] "Starting to listen" address="0.0.0.0" port=10250
Jul 31 17:38:05 giropops-control-plane kubelet[253]: I0731 17:38:05.575592     253 tlsconfig.go:243] "Starting DynamicServingCertificateController"
Jul 31 17:38:05 giropops-control-plane kubelet[253]: I0731 17:38:05.581827     253 desired_state_of_world_populator.go:146] "Desired state populator starts to run"
Jul 31 17:38:05 giropops-control-plane kubelet[253]: I0731 17:38:05.582449     253 dynamic_serving_content.go:135] "Starting controller" name="kubelet-server-cert-files::/var/lib/kubelet/pki/kubelet.crt::/var/lib/kubelet/pki/kubelet.key"
Jul 31 17:38:05 giropops-control-plane kubelet[253]: E0731 17:38:05.600874     253 certificate_manager.go:596] "Failed while requesting a signed certificate from the control plane" err="cannot create certificate signing request: Post \"https://172.21.0.2:6443/apis/certificates.k8s.io/v1/certificatesigningrequests\": dial tcp 172.21.0.2:6443: connect: connection refused" logger="kubernetes.io/kube-apiserver-client-kubelet.UnhandledError"
Jul 31 17:38:05 giropops-control-plane kubelet[253]: I0731 17:38:05.600925     253 reconciler.go:29] "Reconciler: start to sync state"
Jul 31 17:38:05 giropops-control-plane kubelet[253]: E0731 17:38:05.648139     253 controller.go:201] "Failed to ensure lease exists, will retry" err="Get \"https://172.21.0.2:6443/apis/coordination.k8s.io/v1/namespaces/kube-node-lease/leases/giropops-control-plane?timeout=10s\": dial tcp 172.21.0.2:6443: connect: connection refused" interval="200ms"
Jul 31 17:38:05 giropops-control-plane kubelet[253]: E0731 17:38:05.604131     253 event.go:368] "Unable to write event (may retry after sleeping)" err="Post \"https://172.21.0.2:6443/api/v1/namespaces/default/events\": dial tcp 172.21.0.2:6443: connect: connection refused" event="&Event{ObjectMeta:{giropops-control-plane.18c77083120e9e56  default    0 0001-01-01 00:00:00 +0000 UTC <nil> <nil> map[] map[] [] [] []},InvolvedObject:ObjectReference{Kind:Node,Namespace:,Name:giropops-control-plane,UID:,APIVersion:v1,ResourceVersion:,FieldPath:,},Reason:Starting,Message:Starting kubelet.,Source:EventSource{Component:kubelet,Host:giropops-control-plane,},FirstTimestamp:2026-07-31 17:38:05.521665622 +0000 UTC m=+5.221008999,LastTimestamp:2026-07-31 17:38:05.521665622 +0000 UTC m=+5.221008999,Count:1,Type:Normal,EventTime:0001-01-01 00:00:00 +0000 UTC,Series:nil,Action:,Related:nil,ReportingController:kubelet,ReportingInstance:giropops-control-plane,}"
Jul 31 17:38:05 giropops-control-plane kubelet[253]: E0731 17:38:05.564117     253 kubelet.go:3516] "Unable to register mirror pod because node is not registered yet" err="node \"giropops-control-plane\" not found" node="giropops-control-plane"
Jul 31 17:38:05 giropops-control-plane kubelet[253]: E0731 17:38:05.782269     253 kubelet.go:3516] "Unable to register mirror pod because node is not registered yet" err="node \"giropops-control-plane\" not found" node="giropops-control-plane"
Jul 31 17:38:05 giropops-control-plane kubelet[253]: E0731 17:38:05.865778     253 kubelet.go:3516] "Unable to register mirror pod because node is not registered yet" err="node \"giropops-control-plane\" not found" node="giropops-control-plane"
Jul 31 17:38:05 giropops-control-plane kubelet[253]: I0731 17:38:05.902776     253 server.go:354] "Adding debug handlers to kubelet server"
Jul 31 17:38:05 giropops-control-plane kubelet[253]: E0731 17:38:05.561312     253 kubelet_node_status.go:396] "Error getting the current node from lister" err="node \"giropops-control-plane\" not found"
Jul 31 17:38:05 giropops-control-plane kubelet[253]: I0731 17:38:05.960385     253 factory.go:222] Registration of the containerd container factory successfully
Jul 31 17:38:05 giropops-control-plane kubelet[253]: I0731 17:38:05.980112     253 factory.go:222] Registration of the systemd container factory successfully
Jul 31 17:38:05 giropops-control-plane kubelet[253]: I0731 17:38:05.980224     253 factory.go:220] Registration of the crio container factory failed: Get "http://%2Fvar%2Frun%2Fcrio%2Fcrio.sock/info": dial unix /var/run/crio/crio.sock: connect: no such file or directory
Jul 31 17:38:05 giropops-control-plane kubelet[253]: E0731 17:38:05.978466     253 kubelet.go:3516] "Unable to register mirror pod because node is not registered yet" err="node \"giropops-control-plane\" not found" node="giropops-control-plane"
Jul 31 17:38:06 giropops-control-plane kubelet[253]: I0731 17:38:06.013023     253 server_v1.go:49] "podresources" method="list" useActivePods=true
Jul 31 17:38:06 giropops-control-plane kubelet[253]: E0731 17:38:06.038151     253 controller.go:201] "Failed to ensure lease exists, will retry" err="Get \"https://172.21.0.2:6443/apis/coordination.k8s.io/v1/namespaces/kube-node-lease/leases/giropops-control-plane?timeout=10s\": dial tcp 172.21.0.2:6443: connect: connection refused" interval="400ms"
Jul 31 17:38:06 giropops-control-plane kubelet[253]: E0731 17:38:06.064910     253 kubelet.go:3516] "Unable to register mirror pod because node is not registered yet" err="node \"giropops-control-plane\" not found" node="giropops-control-plane"
Jul 31 17:38:06 giropops-control-plane kubelet[253]: E0731 17:38:06.079566     253 kubelet_node_status.go:396] "Error getting the current node from lister" err="node \"giropops-control-plane\" not found"
Jul 31 17:38:06 giropops-control-plane kubelet[253]: I0731 17:38:06.084872     253 server.go:264] "Starting to serve the podresources API" endpoint="unix:/var/lib/kubelet/pod-resources/kubelet.sock"
Jul 31 17:38:06 giropops-control-plane kubelet[253]: E0731 17:38:06.171991     253 kubelet.go:3516] "Unable to register mirror pod because node is not registered yet" err="node \"giropops-control-plane\" not found" node="giropops-control-plane"
Jul 31 17:38:06 giropops-control-plane kubelet[253]: E0731 17:38:06.195491     253 kubelet_node_status.go:396] "Error getting the current node from lister" err="node \"giropops-control-plane\" not found"
Jul 31 17:38:06 giropops-control-plane kubelet[253]: E0731 17:38:06.267665     253 kubelet.go:3516] "Unable to register mirror pod because node is not registered yet" err="node \"giropops-control-plane\" not found" node="giropops-control-plane"
Jul 31 17:38:06 giropops-control-plane kubelet[253]: E0731 17:38:06.325954     253 kubelet_node_status.go:396] "Error getting the current node from lister" err="node \"giropops-control-plane\" not found"
Jul 31 17:38:06 giropops-control-plane kubelet[253]: E0731 17:38:06.379116     253 kubelet.go:3516] "Unable to register mirror pod because node is not registered yet" err="node \"giropops-control-plane\" not found" node="giropops-control-plane"
Jul 31 17:38:06 giropops-control-plane kubelet[253]: E0731 17:38:06.447634     253 kubelet_node_status.go:396] "Error getting the current node from lister" err="node \"giropops-control-plane\" not found"
Jul 31 17:38:06 giropops-control-plane kubelet[253]: E0731 17:38:06.466518     253 kubelet.go:3516] "Unable to register mirror pod because node is not registered yet" err="node \"giropops-control-plane\" not found" node="giropops-control-plane"
Jul 31 17:38:06 giropops-control-plane kubelet[253]: E0731 17:38:06.482995     253 controller.go:201] "Failed to ensure lease exists, will retry" err="Get \"https://172.21.0.2:6443/apis/coordination.k8s.io/v1/namespaces/kube-node-lease/leases/giropops-control-plane?timeout=10s\": dial tcp 172.21.0.2:6443: connect: connection refused" interval="800ms"
Jul 31 17:38:06 giropops-control-plane kubelet[253]: E0731 17:38:06.572629     253 kubelet.go:3516] "Unable to register mirror pod because node is not registered yet" err="node \"giropops-control-plane\" not found" node="giropops-control-plane"
Jul 31 17:38:06 giropops-control-plane kubelet[253]: E0731 17:38:06.582397     253 kubelet_node_status.go:396] "Error getting the current node from lister" err="node \"giropops-control-plane\" not found"
Jul 31 17:38:06 giropops-control-plane kubelet[253]: E0731 17:38:06.670142     253 kubelet.go:3516] "Unable to register mirror pod because node is not registered yet" err="node \"giropops-control-plane\" not found" node="giropops-control-plane"
Jul 31 17:38:06 giropops-control-plane kubelet[253]: I0731 17:38:06.693613     253 cpu_manager.go:235] "Starting" policy="none"
Jul 31 17:38:06 giropops-control-plane kubelet[253]: I0731 17:38:06.693626     253 cpu_manager.go:236] "Reconciling" reconcilePeriod="10s"
Jul 31 17:38:06 giropops-control-plane kubelet[253]: I0731 17:38:06.693646     253 state_mem.go:45] "Initialized" logger="CPUManager state checkpoint.CPUManager state memory"
Jul 31 17:38:06 giropops-control-plane kubelet[253]: E0731 17:38:06.700444     253 kubelet_node_status.go:396] "Error getting the current node from lister" err="node \"giropops-control-plane\" not found"
Jul 31 17:38:06 giropops-control-plane kubelet[253]: E0731 17:38:06.772591     253 kubelet.go:3516] "Unable to register mirror pod because node is not registered yet" err="node \"giropops-control-plane\" not found" node="giropops-control-plane"
Jul 31 17:38:06 giropops-control-plane kubelet[253]: I0731 17:38:06.805153     253 policy_none.go:50] "Start"
Jul 31 17:38:06 giropops-control-plane kubelet[253]: I0731 17:38:06.829510     253 memory_manager.go:190] "Starting memorymanager" policy="None"
Jul 31 17:38:06 giropops-control-plane kubelet[253]: I0731 17:38:06.829535     253 state_mem.go:40] "Initializing new in-memory state store" logger="Memory Manager state checkpoint"
Jul 31 17:38:06 giropops-control-plane kubelet[253]: E0731 17:38:06.810884     253 kubelet_node_status.go:396] "Error getting the current node from lister" err="node \"giropops-control-plane\" not found"
Jul 31 17:38:07 giropops-control-plane kubelet[253]: E0731 17:38:07.120215     253 kubelet.go:3516] "Unable to register mirror pod because node is not registered yet" err="node \"giropops-control-plane\" not found" node="giropops-control-plane"
Jul 31 17:38:07 giropops-control-plane kubelet[253]: E0731 17:38:07.187142     253 kubelet.go:3516] "Unable to register mirror pod because node is not registered yet" err="node \"giropops-control-plane\" not found" node="giropops-control-plane"
Jul 31 17:38:07 giropops-control-plane kubelet[253]: E0731 17:38:07.221671     253 kubelet_node_status.go:396] "Error getting the current node from lister" err="node \"giropops-control-plane\" not found"
Jul 31 17:38:07 giropops-control-plane kubelet[253]: E0731 17:38:07.272674     253 kubelet.go:3516] "Unable to register mirror pod because node is not registered yet" err="node \"giropops-control-plane\" not found" node="giropops-control-plane"
Jul 31 17:38:07 giropops-control-plane kubelet[253]: I0731 17:38:07.295603     253 policy_none.go:44] "Start"
Jul 31 17:38:07 giropops-control-plane kubelet[253]: E0731 17:38:07.337533     253 kubelet_node_status.go:396] "Error getting the current node from lister" err="node \"giropops-control-plane\" not found"
Jul 31 17:38:07 giropops-control-plane kubelet[253]: E0731 17:38:07.374860     253 kubelet.go:3516] "Unable to register mirror pod because node is not registered yet" err="node \"giropops-control-plane\" not found" node="giropops-control-plane"
Jul 31 17:38:07 giropops-control-plane kubelet[253]: E0731 17:38:07.383034     253 controller.go:201] "Failed to ensure lease exists, will retry" err="Get \"https://172.21.0.2:6443/apis/coordination.k8s.io/v1/namespaces/kube-node-lease/leases/giropops-control-plane?timeout=10s\": dial tcp 172.21.0.2:6443: connect: connection refused" interval="1.6s"
Jul 31 17:38:07 giropops-control-plane kubelet[253]: E0731 17:38:07.440896     253 kubelet_node_status.go:396] "Error getting the current node from lister" err="node \"giropops-control-plane\" not found"
Jul 31 17:38:07 giropops-control-plane kubelet[253]: E0731 17:38:07.466987     253 kubelet.go:3516] "Unable to register mirror pod because node is not registered yet" err="node \"giropops-control-plane\" not found" node="giropops-control-plane"
Jul 31 17:38:07 giropops-control-plane kubelet[253]: E0731 17:38:07.552006     253 kubelet_node_status.go:396] "Error getting the current node from lister" err="node \"giropops-control-plane\" not found"
Jul 31 17:38:07 giropops-control-plane kubelet[253]: E0731 17:38:07.574466     253 kubelet.go:3516] "Unable to register mirror pod because node is not registered yet" err="node \"giropops-control-plane\" not found" node="giropops-control-plane"
Jul 31 17:38:07 giropops-control-plane kubelet[253]: E0731 17:38:07.681294     253 kubelet.go:3516] "Unable to register mirror pod because node is not registered yet" err="node \"giropops-control-plane\" not found" node="giropops-control-plane"
Jul 31 17:38:07 giropops-control-plane kubelet[253]: E0731 17:38:07.686826     253 kubelet_node_status.go:396] "Error getting the current node from lister" err="node \"giropops-control-plane\" not found"
Jul 31 17:38:07 giropops-control-plane kubelet[253]: E0731 17:38:07.773829     253 kubelet.go:3516] "Unable to register mirror pod because node is not registered yet" err="node \"giropops-control-plane\" not found" node="giropops-control-plane"
Jul 31 17:38:07 giropops-control-plane kubelet[253]: E0731 17:38:07.789508     253 kubelet_node_status.go:396] "Error getting the current node from lister" err="node \"giropops-control-plane\" not found"
Jul 31 17:38:07 giropops-control-plane kubelet[253]: E0731 17:38:07.878631     253 kubelet.go:3516] "Unable to register mirror pod because node is not registered yet" err="node \"giropops-control-plane\" not found" node="giropops-control-plane"
Jul 31 17:38:07 giropops-control-plane kubelet[253]: E0731 17:38:07.899731     253 kubelet_node_status.go:396] "Error getting the current node from lister" err="node \"giropops-control-plane\" not found"
Jul 31 17:38:07 giropops-control-plane kubelet[253]: E0731 17:38:07.973615     253 kubelet.go:3516] "Unable to register mirror pod because node is not registered yet" err="node \"giropops-control-plane\" not found" node="giropops-control-plane"
Jul 31 17:38:08 giropops-control-plane kubelet[253]: E0731 17:38:08.011532     253 kubelet_node_status.go:396] "Error getting the current node from lister" err="node \"giropops-control-plane\" not found"
Jul 31 17:38:08 giropops-control-plane kubelet[253]: E0731 17:38:08.106679     253 kubelet.go:3516] "Unable to register mirror pod because node is not registered yet" err="node \"giropops-control-plane\" not found" node="giropops-control-plane"
Jul 31 17:38:08 giropops-control-plane kubelet[253]: E0731 17:38:08.127650     253 kubelet_node_status.go:396] "Error getting the current node from lister" err="node \"giropops-control-plane\" not found"
Jul 31 17:38:08 giropops-control-plane kubelet[253]: E0731 17:38:08.188386     253 kubelet.go:3516] "Unable to register mirror pod because node is not registered yet" err="node \"giropops-control-plane\" not found" node="giropops-control-plane"
Jul 31 17:38:08 giropops-control-plane kubelet[253]: E0731 17:38:08.273064     253 kubelet.go:3516] "Unable to register mirror pod because node is not registered yet" err="node \"giropops-control-plane\" not found" node="giropops-control-plane"
Jul 31 17:38:08 giropops-control-plane kubelet[253]: E0731 17:38:08.353869     253 kubelet_node_status.go:396] "Error getting the current node from lister" err="node \"giropops-control-plane\" not found"
Jul 31 17:38:08 giropops-control-plane kubelet[253]: E0731 17:38:08.366676     253 kubelet.go:3516] "Unable to register mirror pod because node is not registered yet" err="node \"giropops-control-plane\" not found" node="giropops-control-plane"
Jul 31 17:38:08 giropops-control-plane kubelet[253]: E0731 17:38:08.473732     253 kubelet_node_status.go:396] "Error getting the current node from lister" err="node \"giropops-control-plane\" not found"
Jul 31 17:38:08 giropops-control-plane kubelet[253]: E0731 17:38:08.470100     253 kubelet.go:3516] "Unable to register mirror pod because node is not registered yet" err="node \"giropops-control-plane\" not found" node="giropops-control-plane"
Jul 31 17:38:08 giropops-control-plane kubelet[253]: E0731 17:38:08.570401     253 kubelet.go:3516] "Unable to register mirror pod because node is not registered yet" err="node \"giropops-control-plane\" not found" node="giropops-control-plane"
Jul 31 17:38:08 giropops-control-plane kubelet[253]: E0731 17:38:08.580927     253 kubelet_node_status.go:396] "Error getting the current node from lister" err="node \"giropops-control-plane\" not found"
Jul 31 17:38:08 giropops-control-plane kubelet[253]: E0731 17:38:08.674082     253 kubelet.go:3516] "Unable to register mirror pod because node is not registered yet" err="node \"giropops-control-plane\" not found" node="giropops-control-plane"
Jul 31 17:38:08 giropops-control-plane kubelet[253]: E0731 17:38:08.699432     253 kubelet_node_status.go:396] "Error getting the current node from lister" err="node \"giropops-control-plane\" not found"
Jul 31 17:38:08 giropops-control-plane kubelet[253]: E0731 17:38:08.769708     253 kubelet.go:3516] "Unable to register mirror pod because node is not registered yet" err="node \"giropops-control-plane\" not found" node="giropops-control-plane"
Jul 31 17:38:08 giropops-control-plane kubelet[253]: E0731 17:38:08.838804     253 kubelet_node_status.go:396] "Error getting the current node from lister" err="node \"giropops-control-plane\" not found"
Jul 31 17:38:08 giropops-control-plane kubelet[253]: E0731 17:38:08.873323     253 kubelet.go:3516] "Unable to register mirror pod because node is not registered yet" err="node \"giropops-control-plane\" not found" node="giropops-control-plane"
Jul 31 17:38:08 giropops-control-plane kubelet[253]: E0731 17:38:08.948320     253 kubelet_node_status.go:396] "Error getting the current node from lister" err="node \"giropops-control-plane\" not found"
Jul 31 17:38:08 giropops-control-plane kubelet[253]: E0731 17:38:08.967280     253 kubelet.go:3516] "Unable to register mirror pod because node is not registered yet" err="node \"giropops-control-plane\" not found" node="giropops-control-plane"
Jul 31 17:38:09 giropops-control-plane kubelet[253]: E0731 17:38:09.012547     253 controller.go:201] "Failed to ensure lease exists, will retry" err="Get \"https://172.21.0.2:6443/apis/coordination.k8s.io/v1/namespaces/kube-node-lease/leases/giropops-control-plane?timeout=10s\": dial tcp 172.21.0.2:6443: connect: connection refused" interval="3.2s"
Jul 31 17:38:09 giropops-control-plane kubelet[253]: E0731 17:38:09.080483     253 kubelet_node_status.go:396] "Error getting the current node from lister" err="node \"giropops-control-plane\" not found"
Jul 31 17:38:09 giropops-control-plane kubelet[253]: E0731 17:38:09.086449     253 kubelet.go:3516] "Unable to register mirror pod because node is not registered yet" err="node \"giropops-control-plane\" not found" node="giropops-control-plane"
Jul 31 17:38:09 giropops-control-plane kubelet[253]: E0731 17:38:09.164833     253 kubelet.go:3516] "Unable to register mirror pod because node is not registered yet" err="node \"giropops-control-plane\" not found" node="giropops-control-plane"
Jul 31 17:38:09 giropops-control-plane kubelet[253]: E0731 17:38:09.219957     253 kubelet_node_status.go:396] "Error getting the current node from lister" err="node \"giropops-control-plane\" not found"
Jul 31 17:38:09 giropops-control-plane kubelet[253]: E0731 17:38:09.297923     253 kubelet.go:3516] "Unable to register mirror pod because node is not registered yet" err="node \"giropops-control-plane\" not found" node="giropops-control-plane"
Jul 31 17:38:09 giropops-control-plane kubelet[253]: E0731 17:38:09.351174     253 kubelet_node_status.go:396] "Error getting the current node from lister" err="node \"giropops-control-plane\" not found"
Jul 31 17:38:09 giropops-control-plane kubelet[253]: E0731 17:38:09.374184     253 kubelet.go:3516] "Unable to register mirror pod because node is not registered yet" err="node \"giropops-control-plane\" not found" node="giropops-control-plane"
Jul 31 17:38:09 giropops-control-plane kubelet[253]: E0731 17:38:09.464191     253 kubelet_node_status.go:396] "Error getting the current node from lister" err="node \"giropops-control-plane\" not found"
Jul 31 17:38:09 giropops-control-plane kubelet[253]: E0731 17:38:09.472446     253 kubelet.go:3516] "Unable to register mirror pod because node is not registered yet" err="node \"giropops-control-plane\" not found" node="giropops-control-plane"
Jul 31 17:38:09 giropops-control-plane kubelet[253]: E0731 17:38:09.577515     253 kubelet.go:3516] "Unable to register mirror pod because node is not registered yet" err="node \"giropops-control-plane\" not found" node="giropops-control-plane"
Jul 31 17:38:09 giropops-control-plane kubelet[253]: E0731 17:38:09.583519     253 kubelet_node_status.go:396] "Error getting the current node from lister" err="node \"giropops-control-plane\" not found"
Jul 31 17:38:09 giropops-control-plane kubelet[253]: E0731 17:38:09.674865     253 kubelet.go:3516] "Unable to register mirror pod because node is not registered yet" err="node \"giropops-control-plane\" not found" node="giropops-control-plane"
Jul 31 17:38:09 giropops-control-plane kubelet[253]: E0731 17:38:09.684868     253 kubelet_node_status.go:396] "Error getting the current node from lister" err="node \"giropops-control-plane\" not found"
Jul 31 17:38:09 giropops-control-plane kubelet[253]: E0731 17:38:09.771739     253 kubelet.go:3516] "Unable to register mirror pod because node is not registered yet" err="node \"giropops-control-plane\" not found" node="giropops-control-plane"
Jul 31 17:38:09 giropops-control-plane kubelet[253]: E0731 17:38:09.787121     253 kubelet_node_status.go:396] "Error getting the current node from lister" err="node \"giropops-control-plane\" not found"
Jul 31 17:38:09 giropops-control-plane kubelet[253]: E0731 17:38:09.875718     253 kubelet.go:3516] "Unable to register mirror pod because node is not registered yet" err="node \"giropops-control-plane\" not found" node="giropops-control-plane"
Jul 31 17:38:09 giropops-control-plane kubelet[253]: E0731 17:38:09.889061     253 kubelet_node_status.go:396] "Error getting the current node from lister" err="node \"giropops-control-plane\" not found"
Jul 31 17:38:09 giropops-control-plane kubelet[253]: E0731 17:38:09.967704     253 kubelet.go:3516] "Unable to register mirror pod because node is not registered yet" err="node \"giropops-control-plane\" not found" node="giropops-control-plane"
Jul 31 17:38:09 giropops-control-plane kubelet[253]: E0731 17:38:09.988837     253 certificate_manager.go:596] "Failed while requesting a signed certificate from the control plane" err="cannot create certificate signing request: Post \"https://172.21.0.2:6443/apis/certificates.k8s.io/v1/certificatesigningrequests\": dial tcp 172.21.0.2:6443: connect: connection refused" logger="kubernetes.io/kube-apiserver-client-kubelet.UnhandledError"
Jul 31 17:38:10 giropops-control-plane kubelet[253]: E0731 17:38:10.000147     253 kubelet_node_status.go:396] "Error getting the current node from lister" err="node \"giropops-control-plane\" not found"
Jul 31 17:38:10 giropops-control-plane kubelet[253]: E0731 17:38:10.071923     253 kubelet.go:3516] "Unable to register mirror pod because node is not registered yet" err="node \"giropops-control-plane\" not found" node="giropops-control-plane"
Jul 31 17:38:10 giropops-control-plane kubelet[253]: E0731 17:38:10.154125     253 kubelet_node_status.go:396] "Error getting the current node from lister" err="node \"giropops-control-plane\" not found"
Jul 31 17:38:10 giropops-control-plane kubelet[253]: E0731 17:38:10.173801     253 kubelet.go:3516] "Unable to register mirror pod because node is not registered yet" err="node \"giropops-control-plane\" not found" node="giropops-control-plane"
Jul 31 17:38:10 giropops-control-plane kubelet[253]: E0731 17:38:10.264457     253 kubelet_node_status.go:396] "Error getting the current node from lister" err="node \"giropops-control-plane\" not found"
Jul 31 17:38:10 giropops-control-plane kubelet[253]: E0731 17:38:10.264499     253 kubelet.go:3516] "Unable to register mirror pod because node is not registered yet" err="node \"giropops-control-plane\" not found" node="giropops-control-plane"
Jul 31 17:38:10 giropops-control-plane kubelet[253]: E0731 17:38:10.386542     253 kubelet_node_status.go:396] "Error getting the current node from lister" err="node \"giropops-control-plane\" not found"
Jul 31 17:38:10 giropops-control-plane kubelet[253]: E0731 17:38:10.386592     253 kubelet.go:3516] "Unable to register mirror pod because node is not registered yet" err="node \"giropops-control-plane\" not found" node="giropops-control-plane"
Jul 31 17:38:10 giropops-control-plane kubelet[253]: E0731 17:38:10.484538     253 kubelet.go:3516] "Unable to register mirror pod because node is not registered yet" err="node \"giropops-control-plane\" not found" node="giropops-control-plane"
Jul 31 17:38:10 giropops-control-plane kubelet[253]: E0731 17:38:10.492187     253 kubelet_node_status.go:396] "Error getting the current node from lister" err="node \"giropops-control-plane\" not found"
Jul 31 17:38:10 giropops-control-plane kubelet[253]: E0731 17:38:10.565746     253 kubelet.go:3516] "Unable to register mirror pod because node is not registered yet" err="node \"giropops-control-plane\" not found" node="giropops-control-plane"
Jul 31 17:38:10 giropops-control-plane kubelet[253]: E0731 17:38:10.617680     253 kubelet_node_status.go:396] "Error getting the current node from lister" err="node \"giropops-control-plane\" not found"
Jul 31 17:38:10 giropops-control-plane kubelet[253]: E0731 17:38:10.674892     253 kubelet.go:3516] "Unable to register mirror pod because node is not registered yet" err="node \"giropops-control-plane\" not found" node="giropops-control-plane"
Jul 31 17:38:10 giropops-control-plane kubelet[253]: E0731 17:38:10.725803     253 kubelet_node_status.go:396] "Error getting the current node from lister" err="node \"giropops-control-plane\" not found"
Jul 31 17:38:10 giropops-control-plane kubelet[253]: E0731 17:38:10.776008     253 kubelet.go:3516] "Unable to register mirror pod because node is not registered yet" err="node \"giropops-control-plane\" not found" node="giropops-control-plane"
Jul 31 17:38:10 giropops-control-plane kubelet[253]: E0731 17:38:10.848281     253 kubelet_node_status.go:396] "Error getting the current node from lister" err="node \"giropops-control-plane\" not found"
Jul 31 17:38:10 giropops-control-plane kubelet[253]: E0731 17:38:10.877890     253 kubelet.go:3516] "Unable to register mirror pod because node is not registered yet" err="node \"giropops-control-plane\" not found" node="giropops-control-plane"
Jul 31 17:38:10 giropops-control-plane kubelet[253]: E0731 17:38:10.971213     253 kubelet_node_status.go:396] "Error getting the current node from lister" err="node \"giropops-control-plane\" not found"
Jul 31 17:38:11 giropops-control-plane kubelet[253]: E0731 17:38:10.989151     253 kubelet.go:3516] "Unable to register mirror pod because node is not registered yet" err="node \"giropops-control-plane\" not found" node="giropops-control-plane"
Jul 31 17:38:11 giropops-control-plane kubelet[253]: E0731 17:38:11.050038     253 manager.go:525] "Failed to read data from checkpoint" err="checkpoint is not found" checkpoint="kubelet_internal_checkpoint"
Jul 31 17:38:11 giropops-control-plane kubelet[253]: I0731 17:38:11.073430     253 eviction_manager.go:194] "Eviction manager: starting control loop"
Jul 31 17:38:11 giropops-control-plane kubelet[253]: E0731 17:38:11.069773     253 kubelet.go:3516] "Unable to register mirror pod because node is not registered yet" err="node \"giropops-control-plane\" not found" node="giropops-control-plane"
Jul 31 17:38:11 giropops-control-plane kubelet[253]: E0731 17:38:11.094372     253 kubelet_node_status.go:396] "Error getting the current node from lister" err="node \"giropops-control-plane\" not found"
Jul 31 17:38:11 giropops-control-plane kubelet[253]: I0731 17:38:11.091218     253 container_log_manager.go:146] "Initializing container log rotate workers" workers=1 monitorPeriod="10s"
Jul 31 17:38:11 giropops-control-plane kubelet[253]: I0731 17:38:11.135408     253 plugin_manager.go:121] "Starting Kubelet Plugin Manager"
Jul 31 17:38:11 giropops-control-plane kubelet[253]: E0731 17:38:11.189436     253 kubelet.go:3516] "Unable to register mirror pod because node is not registered yet" err="node \"giropops-control-plane\" not found" node="giropops-control-plane"
Jul 31 17:38:11 giropops-control-plane kubelet[253]: E0731 17:38:11.199747     253 eviction_manager.go:272] "eviction manager: failed to check if we have separate container filesystem. Ignoring." err="no imagefs label for configured runtime"
Jul 31 17:38:11 giropops-control-plane kubelet[253]: E0731 17:38:11.225348     253 eviction_manager.go:297] "Eviction manager: failed to get summary stats" err="failed to get node info: node \"giropops-control-plane\" not found"
Jul 31 17:38:11 giropops-control-plane kubelet[253]: E0731 17:38:11.294302     253 kubelet.go:3516] "Unable to register mirror pod because node is not registered yet" err="node \"giropops-control-plane\" not found" node="giropops-control-plane"
Jul 31 17:38:11 giropops-control-plane kubelet[253]: I0731 17:38:11.301357     253 kubelet_node_status.go:75] "Attempting to register node" node="giropops-control-plane"
Jul 31 17:38:11 giropops-control-plane kubelet[253]: E0731 17:38:11.301682     253 kubelet_node_status.go:108] "Unable to register node with API server" err="Post \"https://172.21.0.2:6443/api/v1/nodes\": dial tcp 172.21.0.2:6443: connect: connection refused" node="giropops-control-plane"
Jul 31 17:38:11 giropops-control-plane kubelet[253]: E0731 17:38:11.375525     253 kubelet.go:3516] "Unable to register mirror pod because node is not registered yet" err="node \"giropops-control-plane\" not found" node="giropops-control-plane"
Jul 31 17:38:11 giropops-control-plane kubelet[253]: E0731 17:38:11.470551     253 kubelet.go:3516] "Unable to register mirror pod because node is not registered yet" err="node \"giropops-control-plane\" not found" node="giropops-control-plane"
Jul 31 17:38:11 giropops-control-plane kubelet[253]: I0731 17:38:11.617132     253 kubelet_node_status.go:75] "Attempting to register node" node="giropops-control-plane"
Jul 31 17:38:11 giropops-control-plane kubelet[253]: E0731 17:38:11.626283     253 kubelet.go:3516] "Unable to register mirror pod because node is not registered yet" err="node \"giropops-control-plane\" not found" node="giropops-control-plane"
Jul 31 17:38:11 giropops-control-plane kubelet[253]: E0731 17:38:11.626479     253 kubelet_node_status.go:108] "Unable to register node with API server" err="Post \"https://172.21.0.2:6443/api/v1/nodes\": dial tcp 172.21.0.2:6443: connect: connection refused" node="giropops-control-plane"
Jul 31 17:38:11 giropops-control-plane kubelet[253]: E0731 17:38:11.674605     253 kubelet.go:3516] "Unable to register mirror pod because node is not registered yet" err="node \"giropops-control-plane\" not found" node="giropops-control-plane"
Jul 31 17:38:11 giropops-control-plane kubelet[253]: I0731 17:38:11.707134     253 kubelet_network_linux.go:53] "Initialized iptables rules." protocol="IPv4"
Jul 31 17:38:11 giropops-control-plane kubelet[253]: E0731 17:38:11.780167     253 kubelet.go:3516] "Unable to register mirror pod because node is not registered yet" err="node \"giropops-control-plane\" not found" node="giropops-control-plane"
Jul 31 17:38:11 giropops-control-plane kubelet[253]: E0731 17:38:11.901209     253 kubelet.go:3516] "Unable to register mirror pod because node is not registered yet" err="node \"giropops-control-plane\" not found" node="giropops-control-plane"
Jul 31 17:38:11 giropops-control-plane kubelet[253]: E0731 17:38:11.969675     253 kubelet.go:3516] "Unable to register mirror pod because node is not registered yet" err="node \"giropops-control-plane\" not found" node="giropops-control-plane"
Jul 31 17:38:12 giropops-control-plane kubelet[253]: E0731 17:38:12.072105     253 kubelet.go:3516] "Unable to register mirror pod because node is not registered yet" err="node \"giropops-control-plane\" not found" node="giropops-control-plane"
Jul 31 17:38:12 giropops-control-plane kubelet[253]: I0731 17:38:12.088492     253 kubelet_node_status.go:75] "Attempting to register node" node="giropops-control-plane"
Jul 31 17:38:12 giropops-control-plane kubelet[253]: E0731 17:38:12.110790     253 kubelet_node_status.go:108] "Unable to register node with API server" err="Post \"https://172.21.0.2:6443/api/v1/nodes\": dial tcp 172.21.0.2:6443: connect: connection refused" node="giropops-control-plane"
Jul 31 17:38:12 giropops-control-plane kubelet[253]: E0731 17:38:12.167445     253 kubelet.go:3516] "Unable to register mirror pod because node is not registered yet" err="node \"giropops-control-plane\" not found" node="giropops-control-plane"
Jul 31 17:38:12 giropops-control-plane kubelet[253]: E0731 17:38:12.234103     253 controller.go:201] "Failed to ensure lease exists, will retry" err="Get \"https://172.21.0.2:6443/apis/coordination.k8s.io/v1/namespaces/kube-node-lease/leases/giropops-control-plane?timeout=10s\": dial tcp 172.21.0.2:6443: connect: connection refused" interval="6.4s"
Jul 31 17:38:12 giropops-control-plane kubelet[253]: E0731 17:38:12.268647     253 kubelet.go:3516] "Unable to register mirror pod because node is not registered yet" err="node \"giropops-control-plane\" not found" node="giropops-control-plane"
Jul 31 17:38:12 giropops-control-plane kubelet[253]: I0731 17:38:12.296261     253 kubelet_network_linux.go:53] "Initialized iptables rules." protocol="IPv6"
Jul 31 17:38:12 giropops-control-plane kubelet[253]: I0731 17:38:12.304545     253 status_manager.go:277] "Starting to sync pod status with apiserver"
Jul 31 17:38:12 giropops-control-plane kubelet[253]: I0731 17:38:12.310896     253 kubelet.go:2622] "Starting kubelet main sync loop"
Jul 31 17:38:12 giropops-control-plane kubelet[253]: E0731 17:38:12.310943     253 kubelet.go:2646] "Skipping pod synchronization" err="PLEG is not healthy: pleg has yet to be successful"
Jul 31 17:38:12 giropops-control-plane kubelet[253]: E0731 17:38:12.365764     253 kubelet.go:3516] "Unable to register mirror pod because node is not registered yet" err="node \"giropops-control-plane\" not found" node="giropops-control-plane"
Jul 31 17:38:12 giropops-control-plane kubelet[253]: E0731 17:38:12.420872     253 kubelet.go:2646] "Skipping pod synchronization" err="PLEG is not healthy: pleg has yet to be successful"
Jul 31 17:38:12 giropops-control-plane kubelet[253]: E0731 17:38:12.482552     253 kubelet.go:3516] "Unable to register mirror pod because node is not registered yet" err="node \"giropops-control-plane\" not found" node="giropops-control-plane"
Jul 31 17:38:12 giropops-control-plane kubelet[253]: E0731 17:38:12.572907     253 kubelet.go:3516] "Unable to register mirror pod because node is not registered yet" err="node \"giropops-control-plane\" not found" node="giropops-control-plane"
Jul 31 17:38:12 giropops-control-plane kubelet[253]: E0731 17:38:12.670516     253 kubelet.go:3516] "Unable to register mirror pod because node is not registered yet" err="node \"giropops-control-plane\" not found" node="giropops-control-plane"
Jul 31 17:38:12 giropops-control-plane kubelet[253]: I0731 17:38:12.747218     253 reconciler_common.go:251] "operationExecutor.VerifyControllerAttachedVolume started for volume \"etcd-certs\" (UniqueName: \"kubernetes.io/host-path/f6385469cdee465b66702fe8e5b98948-etcd-certs\") pod \"etcd-giropops-control-plane\" (UID: \"f6385469cdee465b66702fe8e5b98948\") " pod="kube-system/etcd-giropops-control-plane"
Jul 31 17:38:12 giropops-control-plane kubelet[253]: I0731 17:38:12.747407     253 reconciler_common.go:251] "operationExecutor.VerifyControllerAttachedVolume started for volume \"etcd-data\" (UniqueName: \"kubernetes.io/host-path/f6385469cdee465b66702fe8e5b98948-etcd-data\") pod \"etcd-giropops-control-plane\" (UID: \"f6385469cdee465b66702fe8e5b98948\") " pod="kube-system/etcd-giropops-control-plane"
Jul 31 17:38:12 giropops-control-plane kubelet[253]: E0731 17:38:12.770909     253 kubelet.go:3516] "Unable to register mirror pod because node is not registered yet" err="node \"giropops-control-plane\" not found" node="giropops-control-plane"
Jul 31 17:38:12 giropops-control-plane kubelet[253]: E0731 17:38:12.870835     253 kubelet.go:3516] "Unable to register mirror pod because node is not registered yet" err="node \"giropops-control-plane\" not found" node="giropops-control-plane"
Jul 31 17:38:13 giropops-control-plane kubelet[253]: E0731 17:38:13.001198     253 kubelet.go:3516] "Unable to register mirror pod because node is not registered yet" err="node \"giropops-control-plane\" not found" node="giropops-control-plane"
Jul 31 17:38:13 giropops-control-plane kubelet[253]: I0731 17:38:13.012995     253 reconciler_common.go:251] "operationExecutor.VerifyControllerAttachedVolume started for volume \"usr-local-share-ca-certificates\" (UniqueName: \"kubernetes.io/host-path/d99d6b2f5a797617c0c5626011ed559b-usr-local-share-ca-certificates\") pod \"kube-apiserver-giropops-control-plane\" (UID: \"d99d6b2f5a797617c0c5626011ed559b\") " pod="kube-system/kube-apiserver-giropops-control-plane"
Jul 31 17:38:13 giropops-control-plane kubelet[253]: I0731 17:38:13.022516     253 reconciler_common.go:251] "operationExecutor.VerifyControllerAttachedVolume started for volume \"usr-share-ca-certificates\" (UniqueName: \"kubernetes.io/host-path/d99d6b2f5a797617c0c5626011ed559b-usr-share-ca-certificates\") pod \"kube-apiserver-giropops-control-plane\" (UID: \"d99d6b2f5a797617c0c5626011ed559b\") " pod="kube-system/kube-apiserver-giropops-control-plane"
Jul 31 17:38:13 giropops-control-plane kubelet[253]: I0731 17:38:13.028438     253 reconciler_common.go:251] "operationExecutor.VerifyControllerAttachedVolume started for volume \"ca-certs\" (UniqueName: \"kubernetes.io/host-path/d99d6b2f5a797617c0c5626011ed559b-ca-certs\") pod \"kube-apiserver-giropops-control-plane\" (UID: \"d99d6b2f5a797617c0c5626011ed559b\") " pod="kube-system/kube-apiserver-giropops-control-plane"
Jul 31 17:38:13 giropops-control-plane kubelet[253]: I0731 17:38:13.028462     253 reconciler_common.go:251] "operationExecutor.VerifyControllerAttachedVolume started for volume \"etc-ca-certificates\" (UniqueName: \"kubernetes.io/host-path/d99d6b2f5a797617c0c5626011ed559b-etc-ca-certificates\") pod \"kube-apiserver-giropops-control-plane\" (UID: \"d99d6b2f5a797617c0c5626011ed559b\") " pod="kube-system/kube-apiserver-giropops-control-plane"
Jul 31 17:38:13 giropops-control-plane kubelet[253]: I0731 17:38:13.028480     253 reconciler_common.go:251] "operationExecutor.VerifyControllerAttachedVolume started for volume \"k8s-certs\" (UniqueName: \"kubernetes.io/host-path/d99d6b2f5a797617c0c5626011ed559b-k8s-certs\") pod \"kube-apiserver-giropops-control-plane\" (UID: \"d99d6b2f5a797617c0c5626011ed559b\") " pod="kube-system/kube-apiserver-giropops-control-plane"
Jul 31 17:38:13 giropops-control-plane kubelet[253]: I0731 17:38:13.031311     253 kubelet_node_status.go:75] "Attempting to register node" node="giropops-control-plane"
Jul 31 17:38:13 giropops-control-plane kubelet[253]: E0731 17:38:13.065220     253 kubelet_node_status.go:108] "Unable to register node with API server" err="Post \"https://172.21.0.2:6443/api/v1/nodes\": dial tcp 172.21.0.2:6443: connect: connection refused" node="giropops-control-plane"
Jul 31 17:38:13 giropops-control-plane kubelet[253]: E0731 17:38:13.083616     253 kubelet.go:3516] "Unable to register mirror pod because node is not registered yet" err="node \"giropops-control-plane\" not found" node="giropops-control-plane"
Jul 31 17:38:13 giropops-control-plane kubelet[253]: I0731 17:38:13.134378     253 reconciler_common.go:251] "operationExecutor.VerifyControllerAttachedVolume started for volume \"k8s-certs\" (UniqueName: \"kubernetes.io/host-path/9aa54d4cc5f426ff6f27a1106c7cef9a-k8s-certs\") pod \"kube-controller-manager-giropops-control-plane\" (UID: \"9aa54d4cc5f426ff6f27a1106c7cef9a\") " pod="kube-system/kube-controller-manager-giropops-control-plane"
Jul 31 17:38:13 giropops-control-plane kubelet[253]: I0731 17:38:13.141724     253 reconciler_common.go:251] "operationExecutor.VerifyControllerAttachedVolume started for volume \"usr-share-ca-certificates\" (UniqueName: \"kubernetes.io/host-path/9aa54d4cc5f426ff6f27a1106c7cef9a-usr-share-ca-certificates\") pod \"kube-controller-manager-giropops-control-plane\" (UID: \"9aa54d4cc5f426ff6f27a1106c7cef9a\") " pod="kube-system/kube-controller-manager-giropops-control-plane"
Jul 31 17:38:13 giropops-control-plane kubelet[253]: I0731 17:38:13.141765     253 reconciler_common.go:251] "operationExecutor.VerifyControllerAttachedVolume started for volume \"ca-certs\" (UniqueName: \"kubernetes.io/host-path/9aa54d4cc5f426ff6f27a1106c7cef9a-ca-certs\") pod \"kube-controller-manager-giropops-control-plane\" (UID: \"9aa54d4cc5f426ff6f27a1106c7cef9a\") " pod="kube-system/kube-controller-manager-giropops-control-plane"
Jul 31 17:38:13 giropops-control-plane kubelet[253]: I0731 17:38:13.141777     253 reconciler_common.go:251] "operationExecutor.VerifyControllerAttachedVolume started for volume \"etc-ca-certificates\" (UniqueName: \"kubernetes.io/host-path/9aa54d4cc5f426ff6f27a1106c7cef9a-etc-ca-certificates\") pod \"kube-controller-manager-giropops-control-plane\" (UID: \"9aa54d4cc5f426ff6f27a1106c7cef9a\") " pod="kube-system/kube-controller-manager-giropops-control-plane"
Jul 31 17:38:13 giropops-control-plane kubelet[253]: I0731 17:38:13.141788     253 reconciler_common.go:251] "operationExecutor.VerifyControllerAttachedVolume started for volume \"kubeconfig\" (UniqueName: \"kubernetes.io/host-path/9aa54d4cc5f426ff6f27a1106c7cef9a-kubeconfig\") pod \"kube-controller-manager-giropops-control-plane\" (UID: \"9aa54d4cc5f426ff6f27a1106c7cef9a\") " pod="kube-system/kube-controller-manager-giropops-control-plane"
Jul 31 17:38:13 giropops-control-plane kubelet[253]: I0731 17:38:13.141798     253 reconciler_common.go:251] "operationExecutor.VerifyControllerAttachedVolume started for volume \"usr-local-share-ca-certificates\" (UniqueName: \"kubernetes.io/host-path/9aa54d4cc5f426ff6f27a1106c7cef9a-usr-local-share-ca-certificates\") pod \"kube-controller-manager-giropops-control-plane\" (UID: \"9aa54d4cc5f426ff6f27a1106c7cef9a\") " pod="kube-system/kube-controller-manager-giropops-control-plane"
Jul 31 17:38:13 giropops-control-plane kubelet[253]: E0731 17:38:13.167374     253 kubelet.go:3516] "Unable to register mirror pod because node is not registered yet" err="node \"giropops-control-plane\" not found" node="giropops-control-plane"
Jul 31 17:38:13 giropops-control-plane kubelet[253]: E0731 17:38:13.270211     253 kubelet.go:3495] "No need to create a mirror pod, since failed to get node info from the cluster" err="node \"giropops-control-plane\" not found" node="giropops-control-plane"
Jul 31 17:38:13 giropops-control-plane kubelet[253]: E0731 17:38:13.273661     253 kubelet.go:3516] "Unable to register mirror pod because node is not registered yet" err="node \"giropops-control-plane\" not found" node="giropops-control-plane"
Jul 31 17:38:13 giropops-control-plane kubelet[253]: I0731 17:38:13.348969     253 reconciler_common.go:251] "operationExecutor.VerifyControllerAttachedVolume started for volume \"kubeconfig\" (UniqueName: \"kubernetes.io/host-path/b90bf1a20b59f0f0ca5c87a461f6b73c-kubeconfig\") pod \"kube-scheduler-giropops-control-plane\" (UID: \"b90bf1a20b59f0f0ca5c87a461f6b73c\") " pod="kube-system/kube-scheduler-giropops-control-plane"
Jul 31 17:38:13 giropops-control-plane kubelet[253]: E0731 17:38:13.413385     253 kubelet.go:3516] "Unable to register mirror pod because node is not registered yet" err="node \"giropops-control-plane\" not found" node="giropops-control-plane"
Jul 31 17:38:13 giropops-control-plane kubelet[253]: E0731 17:38:13.478410     253 kubelet.go:3516] "Unable to register mirror pod because node is not registered yet" err="node \"giropops-control-plane\" not found" node="giropops-control-plane"
Jul 31 17:38:13 giropops-control-plane kubelet[253]: E0731 17:38:13.613118     253 kubelet.go:3516] "Unable to register mirror pod because node is not registered yet" err="node \"giropops-control-plane\" not found" node="giropops-control-plane"
Jul 31 17:38:13 giropops-control-plane kubelet[253]: E0731 17:38:13.621423     253 kubelet.go:3495] "No need to create a mirror pod, since failed to get node info from the cluster" err="node \"giropops-control-plane\" not found" node="giropops-control-plane"
Jul 31 17:38:13 giropops-control-plane kubelet[253]: E0731 17:38:13.688982     253 kubelet.go:3516] "Unable to register mirror pod because node is not registered yet" err="node \"giropops-control-plane\" not found" node="giropops-control-plane"
Jul 31 17:38:13 giropops-control-plane kubelet[253]: E0731 17:38:13.743000     253 kubelet.go:3495] "No need to create a mirror pod, since failed to get node info from the cluster" err="node \"giropops-control-plane\" not found" node="giropops-control-plane"
Jul 31 17:38:13 giropops-control-plane kubelet[253]: E0731 17:38:13.771411     253 kubelet.go:3516] "Unable to register mirror pod because node is not registered yet" err="node \"giropops-control-plane\" not found" node="giropops-control-plane"
Jul 31 17:38:13 giropops-control-plane kubelet[253]: E0731 17:38:13.895160     253 kubelet.go:3516] "Unable to register mirror pod because node is not registered yet" err="node \"giropops-control-plane\" not found" node="giropops-control-plane"
Jul 31 17:38:13 giropops-control-plane kubelet[253]: E0731 17:38:13.971722     253 kubelet.go:3516] "Unable to register mirror pod because node is not registered yet" err="node \"giropops-control-plane\" not found" node="giropops-control-plane"
Jul 31 17:38:14 giropops-control-plane kubelet[253]: E0731 17:38:14.064545     253 kubelet.go:3516] "Unable to register mirror pod because node is not registered yet" err="node \"giropops-control-plane\" not found" node="giropops-control-plane"
Jul 31 17:38:14 giropops-control-plane kubelet[253]: E0731 17:38:14.165400     253 kubelet.go:3516] "Unable to register mirror pod because node is not registered yet" err="node \"giropops-control-plane\" not found" node="giropops-control-plane"
Jul 31 17:38:14 giropops-control-plane kubelet[253]: E0731 17:38:14.276949     253 kubelet.go:3516] "Unable to register mirror pod because node is not registered yet" err="node \"giropops-control-plane\" not found" node="giropops-control-plane"
Jul 31 17:38:14 giropops-control-plane kubelet[253]: E0731 17:38:14.274574     253 event.go:368] "Unable to write event (may retry after sleeping)" err="Post \"https://172.21.0.2:6443/api/v1/namespaces/default/events\": dial tcp 172.21.0.2:6443: connect: connection refused" event="&Event{ObjectMeta:{giropops-control-plane.18c77083120e9e56  default    0 0001-01-01 00:00:00 +0000 UTC <nil> <nil> map[] map[] [] [] []},InvolvedObject:ObjectReference{Kind:Node,Namespace:,Name:giropops-control-plane,UID:,APIVersion:v1,ResourceVersion:,FieldPath:,},Reason:Starting,Message:Starting kubelet.,Source:EventSource{Component:kubelet,Host:giropops-control-plane,},FirstTimestamp:2026-07-31 17:38:05.521665622 +0000 UTC m=+5.221008999,LastTimestamp:2026-07-31 17:38:05.521665622 +0000 UTC m=+5.221008999,Count:1,Type:Normal,EventTime:0001-01-01 00:00:00 +0000 UTC,Series:nil,Action:,Related:nil,ReportingController:kubelet,ReportingInstance:giropops-control-plane,}"
Jul 31 17:38:14 giropops-control-plane kubelet[253]: E0731 17:38:14.313351     253 kubelet.go:3495] "No need to create a mirror pod, since failed to get node info from the cluster" err="node \"giropops-control-plane\" not found" node="giropops-control-plane"
Jul 31 17:38:14 giropops-control-plane kubelet[253]: E0731 17:38:14.369537     253 kubelet.go:3516] "Unable to register mirror pod because node is not registered yet" err="node \"giropops-control-plane\" not found" node="giropops-control-plane"
Jul 31 17:38:14 giropops-control-plane kubelet[253]: E0731 17:38:14.466677     253 kubelet.go:3516] "Unable to register mirror pod because node is not registered yet" err="node \"giropops-control-plane\" not found" node="giropops-control-plane"
Jul 31 17:38:14 giropops-control-plane kubelet[253]: E0731 17:38:14.572278     253 kubelet.go:3516] "Unable to register mirror pod because node is not registered yet" err="node \"giropops-control-plane\" not found" node="giropops-control-plane"
Jul 31 17:38:14 giropops-control-plane kubelet[253]: E0731 17:38:14.674442     253 kubelet.go:3516] "Unable to register mirror pod because node is not registered yet" err="node \"giropops-control-plane\" not found" node="giropops-control-plane"
Jul 31 17:38:14 giropops-control-plane kubelet[253]: E0731 17:38:14.767100     253 kubelet.go:3516] "Unable to register mirror pod because node is not registered yet" err="node \"giropops-control-plane\" not found" node="giropops-control-plane"
Jul 31 17:38:14 giropops-control-plane kubelet[253]: I0731 17:38:14.771604     253 kubelet_node_status.go:75] "Attempting to register node" node="giropops-control-plane"
Jul 31 17:38:14 giropops-control-plane kubelet[253]: E0731 17:38:14.789750     253 kubelet_node_status.go:108] "Unable to register node with API server" err="Post \"https://172.21.0.2:6443/api/v1/nodes\": dial tcp 172.21.0.2:6443: connect: connection refused" node="giropops-control-plane"
Jul 31 17:38:14 giropops-control-plane kubelet[253]: E0731 17:38:14.870014     253 kubelet.go:3516] "Unable to register mirror pod because node is not registered yet" err="node \"giropops-control-plane\" not found" node="giropops-control-plane"
Jul 31 17:38:14 giropops-control-plane kubelet[253]: E0731 17:38:14.965509     253 kubelet.go:3516] "Unable to register mirror pod because node is not registered yet" err="node \"giropops-control-plane\" not found" node="giropops-control-plane"
Jul 31 17:38:15 giropops-control-plane kubelet[253]: E0731 17:38:15.068878     253 kubelet.go:3516] "Unable to register mirror pod because node is not registered yet" err="node \"giropops-control-plane\" not found" node="giropops-control-plane"
Jul 31 17:38:15 giropops-control-plane kubelet[253]: E0731 17:38:15.187761     253 kubelet.go:3516] "Unable to register mirror pod because node is not registered yet" err="node \"giropops-control-plane\" not found" node="giropops-control-plane"
Jul 31 17:38:15 giropops-control-plane kubelet[253]: E0731 17:38:15.272350     253 kubelet.go:3516] "Unable to register mirror pod because node is not registered yet" err="node \"giropops-control-plane\" not found" node="giropops-control-plane"
Jul 31 17:38:15 giropops-control-plane kubelet[253]: E0731 17:38:15.374475     253 kubelet.go:3516] "Unable to register mirror pod because node is not registered yet" err="node \"giropops-control-plane\" not found" node="giropops-control-plane"
Jul 31 17:38:15 giropops-control-plane kubelet[253]: E0731 17:38:15.476617     253 kubelet.go:3516] "Unable to register mirror pod because node is not registered yet" err="node \"giropops-control-plane\" not found" node="giropops-control-plane"
Jul 31 17:38:15 giropops-control-plane kubelet[253]: E0731 17:38:15.582798     253 kubelet.go:3516] "Unable to register mirror pod because node is not registered yet" err="node \"giropops-control-plane\" not found" node="giropops-control-plane"
Jul 31 17:38:15 giropops-control-plane kubelet[253]: E0731 17:38:15.667272     253 kubelet.go:3516] "Unable to register mirror pod because node is not registered yet" err="node \"giropops-control-plane\" not found" node="giropops-control-plane"
Jul 31 17:38:15 giropops-control-plane kubelet[253]: E0731 17:38:15.767831     253 kubelet.go:3516] "Unable to register mirror pod because node is not registered yet" err="node \"giropops-control-plane\" not found" node="giropops-control-plane"
Jul 31 17:38:15 giropops-control-plane kubelet[253]: E0731 17:38:15.869457     253 kubelet.go:3516] "Unable to register mirror pod because node is not registered yet" err="node \"giropops-control-plane\" not found" node="giropops-control-plane"
Jul 31 17:38:15 giropops-control-plane kubelet[253]: E0731 17:38:15.971243     253 kubelet.go:3516] "Unable to register mirror pod because node is not registered yet" err="node \"giropops-control-plane\" not found" node="giropops-control-plane"
Jul 31 17:38:16 giropops-control-plane kubelet[253]: E0731 17:38:16.088242     253 kubelet.go:3516] "Unable to register mirror pod because node is not registered yet" err="node \"giropops-control-plane\" not found" node="giropops-control-plane"
Jul 31 17:38:16 giropops-control-plane kubelet[253]: E0731 17:38:16.194481     253 kubelet.go:3516] "Unable to register mirror pod because node is not registered yet" err="node \"giropops-control-plane\" not found" node="giropops-control-plane"
Jul 31 17:38:16 giropops-control-plane kubelet[253]: E0731 17:38:16.266079     253 kubelet.go:3516] "Unable to register mirror pod because node is not registered yet" err="node \"giropops-control-plane\" not found" node="giropops-control-plane"
Jul 31 17:38:16 giropops-control-plane kubelet[253]: E0731 17:38:16.371250     253 kubelet.go:3516] "Unable to register mirror pod because node is not registered yet" err="node \"giropops-control-plane\" not found" node="giropops-control-plane"
Jul 31 17:38:16 giropops-control-plane kubelet[253]: E0731 17:38:16.508246     253 kubelet.go:3516] "Unable to register mirror pod because node is not registered yet" err="node \"giropops-control-plane\" not found" node="giropops-control-plane"
Jul 31 17:38:16 giropops-control-plane kubelet[253]: E0731 17:38:16.586928     253 kubelet.go:3516] "Unable to register mirror pod because node is not registered yet" err="node \"giropops-control-plane\" not found" node="giropops-control-plane"
Jul 31 17:38:16 giropops-control-plane kubelet[253]: E0731 17:38:16.692378     253 kubelet.go:3516] "Unable to register mirror pod because node is not registered yet" err="node \"giropops-control-plane\" not found" node="giropops-control-plane"
Jul 31 17:38:16 giropops-control-plane kubelet[253]: E0731 17:38:16.770328     253 kubelet.go:3516] "Unable to register mirror pod because node is not registered yet" err="node \"giropops-control-plane\" not found" node="giropops-control-plane"
Jul 31 17:38:16 giropops-control-plane kubelet[253]: E0731 17:38:16.927435     253 kubelet.go:3516] "Unable to register mirror pod because node is not registered yet" err="node \"giropops-control-plane\" not found" node="giropops-control-plane"
Jul 31 17:38:17 giropops-control-plane kubelet[253]: E0731 17:38:17.067894     253 kubelet.go:3516] "Unable to register mirror pod because node is not registered yet" err="node \"giropops-control-plane\" not found" node="giropops-control-plane"
Jul 31 17:38:17 giropops-control-plane kubelet[253]: E0731 17:38:17.194926     253 kubelet.go:3516] "Unable to register mirror pod because node is not registered yet" err="node \"giropops-control-plane\" not found" node="giropops-control-plane"
Jul 31 17:38:17 giropops-control-plane kubelet[253]: E0731 17:38:17.285701     253 kubelet.go:3516] "Unable to register mirror pod because node is not registered yet" err="node \"giropops-control-plane\" not found" node="giropops-control-plane"
Jul 31 17:38:17 giropops-control-plane kubelet[253]: E0731 17:38:17.385245     253 kubelet.go:3516] "Unable to register mirror pod because node is not registered yet" err="node \"giropops-control-plane\" not found" node="giropops-control-plane"
Jul 31 17:38:17 giropops-control-plane kubelet[253]: E0731 17:38:17.488575     253 kubelet.go:3516] "Unable to register mirror pod because node is not registered yet" err="node \"giropops-control-plane\" not found" node="giropops-control-plane"
Jul 31 17:38:17 giropops-control-plane kubelet[253]: E0731 17:38:17.570627     253 kubelet.go:3516] "Unable to register mirror pod because node is not registered yet" err="node \"giropops-control-plane\" not found" node="giropops-control-plane"
Jul 31 17:38:17 giropops-control-plane kubelet[253]: E0731 17:38:17.676052     253 kubelet.go:3516] "Unable to register mirror pod because node is not registered yet" err="node \"giropops-control-plane\" not found" node="giropops-control-plane"
Jul 31 17:38:17 giropops-control-plane kubelet[253]: E0731 17:38:17.778935     253 kubelet.go:3516] "Unable to register mirror pod because node is not registered yet" err="node \"giropops-control-plane\" not found" node="giropops-control-plane"
Jul 31 17:38:17 giropops-control-plane kubelet[253]: E0731 17:38:17.869244     253 kubelet.go:3516] "Unable to register mirror pod because node is not registered yet" err="node \"giropops-control-plane\" not found" node="giropops-control-plane"
Jul 31 17:38:18 giropops-control-plane kubelet[253]: E0731 17:38:18.016926     253 kubelet.go:3516] "Unable to register mirror pod because node is not registered yet" err="node \"giropops-control-plane\" not found" node="giropops-control-plane"
Jul 31 17:38:18 giropops-control-plane kubelet[253]: E0731 17:38:18.077856     253 kubelet.go:3516] "Unable to register mirror pod because node is not registered yet" err="node \"giropops-control-plane\" not found" node="giropops-control-plane"
Jul 31 17:38:18 giropops-control-plane kubelet[253]: I0731 17:38:18.078359     253 kubelet_node_status.go:75] "Attempting to register node" node="giropops-control-plane"
Jul 31 17:38:18 giropops-control-plane kubelet[253]: E0731 17:38:18.129517     253 kubelet_node_status.go:108] "Unable to register node with API server" err="Post \"https://172.21.0.2:6443/api/v1/nodes\": dial tcp 172.21.0.2:6443: connect: connection refused" node="giropops-control-plane"
Jul 31 17:38:18 giropops-control-plane kubelet[253]: E0731 17:38:18.172054     253 kubelet.go:3516] "Unable to register mirror pod because node is not registered yet" err="node \"giropops-control-plane\" not found" node="giropops-control-plane"
Jul 31 17:38:18 giropops-control-plane kubelet[253]: E0731 17:38:18.266279     253 kubelet.go:3516] "Unable to register mirror pod because node is not registered yet" err="node \"giropops-control-plane\" not found" node="giropops-control-plane"
Jul 31 17:38:18 giropops-control-plane kubelet[253]: E0731 17:38:18.320799     253 certificate_manager.go:596] "Failed while requesting a signed certificate from the control plane" err="cannot create certificate signing request: Post \"https://172.21.0.2:6443/apis/certificates.k8s.io/v1/certificatesigningrequests\": dial tcp 172.21.0.2:6443: connect: connection refused" logger="kubernetes.io/kube-apiserver-client-kubelet.UnhandledError"
Jul 31 17:38:18 giropops-control-plane kubelet[253]: E0731 17:38:18.381577     253 kubelet.go:3516] "Unable to register mirror pod because node is not registered yet" err="node \"giropops-control-plane\" not found" node="giropops-control-plane"
Jul 31 17:38:18 giropops-control-plane kubelet[253]: E0731 17:38:18.466086     253 kubelet.go:3516] "Unable to register mirror pod because node is not registered yet" err="node \"giropops-control-plane\" not found" node="giropops-control-plane"
Jul 31 17:38:18 giropops-control-plane kubelet[253]: E0731 17:38:18.565453     253 kubelet.go:3516] "Unable to register mirror pod because node is not registered yet" err="node \"giropops-control-plane\" not found" node="giropops-control-plane"
Jul 31 17:38:18 giropops-control-plane kubelet[253]: E0731 17:38:18.669199     253 controller.go:201] "Failed to ensure lease exists, will retry" err="Get \"https://172.21.0.2:6443/apis/coordination.k8s.io/v1/namespaces/kube-node-lease/leases/giropops-control-plane?timeout=10s\": dial tcp 172.21.0.2:6443: connect: connection refused" interval="7s"
Jul 31 17:38:18 giropops-control-plane kubelet[253]: E0731 17:38:18.673635     253 kubelet.go:3516] "Unable to register mirror pod because node is not registered yet" err="node \"giropops-control-plane\" not found" node="giropops-control-plane"
Jul 31 17:38:18 giropops-control-plane kubelet[253]: E0731 17:38:18.764731     253 kubelet.go:3516] "Unable to register mirror pod because node is not registered yet" err="node \"giropops-control-plane\" not found" node="giropops-control-plane"
Jul 31 17:38:18 giropops-control-plane kubelet[253]: E0731 17:38:18.867321     253 kubelet.go:3516] "Unable to register mirror pod because node is not registered yet" err="node \"giropops-control-plane\" not found" node="giropops-control-plane"
Jul 31 17:38:18 giropops-control-plane kubelet[253]: E0731 17:38:18.971798     253 kubelet.go:3516] "Unable to register mirror pod because node is not registered yet" err="node \"giropops-control-plane\" not found" node="giropops-control-plane"
Jul 31 17:38:19 giropops-control-plane kubelet[253]: E0731 17:38:19.072396     253 kubelet.go:3516] "Unable to register mirror pod because node is not registered yet" err="node \"giropops-control-plane\" not found" node="giropops-control-plane"
Jul 31 17:38:19 giropops-control-plane kubelet[253]: E0731 17:38:19.218794     253 kubelet.go:3516] "Unable to register mirror pod because node is not registered yet" err="node \"giropops-control-plane\" not found" node="giropops-control-plane"
Jul 31 17:38:19 giropops-control-plane kubelet[253]: E0731 17:38:19.273833     253 kubelet.go:3516] "Unable to register mirror pod because node is not registered yet" err="node \"giropops-control-plane\" not found" node="giropops-control-plane"
Jul 31 17:38:19 giropops-control-plane kubelet[253]: E0731 17:38:19.364679     253 kubelet.go:3516] "Unable to register mirror pod because node is not registered yet" err="node \"giropops-control-plane\" not found" node="giropops-control-plane"
Jul 31 17:38:19 giropops-control-plane kubelet[253]: E0731 17:38:19.467091     253 kubelet.go:3516] "Unable to register mirror pod because node is not registered yet" err="node \"giropops-control-plane\" not found" node="giropops-control-plane"
Jul 31 17:38:19 giropops-control-plane kubelet[253]: E0731 17:38:19.571287     253 kubelet.go:3516] "Unable to register mirror pod because node is not registered yet" err="node \"giropops-control-plane\" not found" node="giropops-control-plane"
Jul 31 17:38:19 giropops-control-plane kubelet[253]: E0731 17:38:19.682124     253 kubelet.go:3516] "Unable to register mirror pod because node is not registered yet" err="node \"giropops-control-plane\" not found" node="giropops-control-plane"
Jul 31 17:38:19 giropops-control-plane kubelet[253]: E0731 17:38:19.779918     253 kubelet.go:3516] "Unable to register mirror pod because node is not registered yet" err="node \"giropops-control-plane\" not found" node="giropops-control-plane"
Jul 31 17:38:19 giropops-control-plane kubelet[253]: E0731 17:38:19.874873     253 kubelet.go:3516] "Unable to register mirror pod because node is not registered yet" err="node \"giropops-control-plane\" not found" node="giropops-control-plane"
Jul 31 17:38:19 giropops-control-plane kubelet[253]: E0731 17:38:19.979561     253 kubelet.go:3516] "Unable to register mirror pod because node is not registered yet" err="node \"giropops-control-plane\" not found" node="giropops-control-plane"
Jul 31 17:38:20 giropops-control-plane kubelet[253]: E0731 17:38:20.088917     253 kubelet.go:3516] "Unable to register mirror pod because node is not registered yet" err="node \"giropops-control-plane\" not found" node="giropops-control-plane"
Jul 31 17:38:20 giropops-control-plane kubelet[253]: E0731 17:38:20.173277     253 kubelet.go:3516] "Unable to register mirror pod because node is not registered yet" err="node \"giropops-control-plane\" not found" node="giropops-control-plane"
Jul 31 17:38:20 giropops-control-plane kubelet[253]: E0731 17:38:20.282674     253 kubelet.go:3516] "Unable to register mirror pod because node is not registered yet" err="node \"giropops-control-plane\" not found" node="giropops-control-plane"
Jul 31 17:38:20 giropops-control-plane kubelet[253]: E0731 17:38:20.377488     253 kubelet.go:3516] "Unable to register mirror pod because node is not registered yet" err="node \"giropops-control-plane\" not found" node="giropops-control-plane"
Jul 31 17:38:20 giropops-control-plane kubelet[253]: E0731 17:38:20.485590     253 kubelet.go:3516] "Unable to register mirror pod because node is not registered yet" err="node \"giropops-control-plane\" not found" node="giropops-control-plane"
Jul 31 17:38:20 giropops-control-plane kubelet[253]: E0731 17:38:20.602466     253 kubelet.go:3516] "Unable to register mirror pod because node is not registered yet" err="node \"giropops-control-plane\" not found" node="giropops-control-plane"
Jul 31 17:38:20 giropops-control-plane kubelet[253]: E0731 17:38:20.684393     253 kubelet.go:3516] "Unable to register mirror pod because node is not registered yet" err="node \"giropops-control-plane\" not found" node="giropops-control-plane"
Jul 31 17:38:20 giropops-control-plane kubelet[253]: E0731 17:38:20.786494     253 kubelet.go:3516] "Unable to register mirror pod because node is not registered yet" err="node \"giropops-control-plane\" not found" node="giropops-control-plane"
Jul 31 17:38:20 giropops-control-plane kubelet[253]: E0731 17:38:20.925436     253 kubelet.go:3516] "Unable to register mirror pod because node is not registered yet" err="node \"giropops-control-plane\" not found" node="giropops-control-plane"
Jul 31 17:38:20 giropops-control-plane kubelet[253]: E0731 17:38:20.974338     253 kubelet.go:3516] "Unable to register mirror pod because node is not registered yet" err="node \"giropops-control-plane\" not found" node="giropops-control-plane"
Jul 31 17:38:21 giropops-control-plane kubelet[253]: E0731 17:38:21.071554     253 kubelet.go:3516] "Unable to register mirror pod because node is not registered yet" err="node \"giropops-control-plane\" not found" node="giropops-control-plane"
Jul 31 17:38:21 giropops-control-plane kubelet[253]: E0731 17:38:21.216111     253 kubelet.go:3516] "Unable to register mirror pod because node is not registered yet" err="node \"giropops-control-plane\" not found" node="giropops-control-plane"
Jul 31 17:38:21 giropops-control-plane kubelet[253]: E0731 17:38:21.264594     253 eviction_manager.go:297] "Eviction manager: failed to get summary stats" err="failed to get node info: node \"giropops-control-plane\" not found"
Jul 31 17:38:21 giropops-control-plane kubelet[253]: E0731 17:38:21.274409     253 kubelet.go:3516] "Unable to register mirror pod because node is not registered yet" err="node \"giropops-control-plane\" not found" node="giropops-control-plane"
Jul 31 17:38:21 giropops-control-plane kubelet[253]: E0731 17:38:21.388236     253 kubelet.go:3516] "Unable to register mirror pod because node is not registered yet" err="node \"giropops-control-plane\" not found" node="giropops-control-plane"
Jul 31 17:38:21 giropops-control-plane kubelet[253]: E0731 17:38:21.524009     253 kubelet.go:3516] "Unable to register mirror pod because node is not registered yet" err="node \"giropops-control-plane\" not found" node="giropops-control-plane"
Jul 31 17:38:21 giropops-control-plane kubelet[253]: E0731 17:38:21.586879     253 kubelet.go:3516] "Unable to register mirror pod because node is not registered yet" err="node \"giropops-control-plane\" not found" node="giropops-control-plane"
Jul 31 17:38:21 giropops-control-plane kubelet[253]: E0731 17:38:21.690837     253 kubelet.go:3516] "Unable to register mirror pod because node is not registered yet" err="node \"giropops-control-plane\" not found" node="giropops-control-plane"
Jul 31 17:38:21 giropops-control-plane kubelet[253]: E0731 17:38:21.770515     253 kubelet.go:3516] "Unable to register mirror pod because node is not registered yet" err="node \"giropops-control-plane\" not found" node="giropops-control-plane"
Jul 31 17:38:21 giropops-control-plane kubelet[253]: E0731 17:38:21.931657     253 kubelet.go:3516] "Unable to register mirror pod because node is not registered yet" err="node \"giropops-control-plane\" not found" node="giropops-control-plane"
Jul 31 17:38:21 giropops-control-plane kubelet[253]: E0731 17:38:21.979300     253 kubelet.go:3516] "Unable to register mirror pod because node is not registered yet" err="node \"giropops-control-plane\" not found" node="giropops-control-plane"
Jul 31 17:38:22 giropops-control-plane kubelet[253]: E0731 17:38:22.084747     253 kubelet.go:3516] "Unable to register mirror pod because node is not registered yet" err="node \"giropops-control-plane\" not found" node="giropops-control-plane"
Jul 31 17:38:22 giropops-control-plane kubelet[253]: E0731 17:38:22.187717     253 kubelet.go:3516] "Unable to register mirror pod because node is not registered yet" err="node \"giropops-control-plane\" not found" node="giropops-control-plane"
Jul 31 17:38:22 giropops-control-plane kubelet[253]: E0731 17:38:22.277940     253 kubelet.go:3516] "Unable to register mirror pod because node is not registered yet" err="node \"giropops-control-plane\" not found" node="giropops-control-plane"
Jul 31 17:38:22 giropops-control-plane kubelet[253]: E0731 17:38:22.382726     253 kubelet.go:3516] "Unable to register mirror pod because node is not registered yet" err="node \"giropops-control-plane\" not found" node="giropops-control-plane"
Jul 31 17:38:22 giropops-control-plane kubelet[253]: E0731 17:38:22.543288     253 kubelet.go:3516] "Unable to register mirror pod because node is not registered yet" err="node \"giropops-control-plane\" not found" node="giropops-control-plane"
Jul 31 17:38:22 giropops-control-plane kubelet[253]: E0731 17:38:22.596206     253 kubelet.go:3516] "Unable to register mirror pod because node is not registered yet" err="node \"giropops-control-plane\" not found" node="giropops-control-plane"
Jul 31 17:38:22 giropops-control-plane kubelet[253]: E0731 17:38:22.710643     253 kubelet.go:3516] "Unable to register mirror pod because node is not registered yet" err="node \"giropops-control-plane\" not found" node="giropops-control-plane"
Jul 31 17:38:22 giropops-control-plane kubelet[253]: E0731 17:38:22.779083     253 kubelet.go:3516] "Unable to register mirror pod because node is not registered yet" err="node \"giropops-control-plane\" not found" node="giropops-control-plane"
Jul 31 17:38:22 giropops-control-plane kubelet[253]: E0731 17:38:22.905273     253 kubelet.go:3516] "Unable to register mirror pod because node is not registered yet" err="node \"giropops-control-plane\" not found" node="giropops-control-plane"
Jul 31 17:38:23 giropops-control-plane kubelet[253]: E0731 17:38:22.983468     253 kubelet.go:3516] "Unable to register mirror pod because node is not registered yet" err="node \"giropops-control-plane\" not found" node="giropops-control-plane"
Jul 31 17:38:23 giropops-control-plane kubelet[253]: E0731 17:38:23.068366     253 kubelet.go:3516] "Unable to register mirror pod because node is not registered yet" err="node \"giropops-control-plane\" not found" node="giropops-control-plane"
Jul 31 17:38:23 giropops-control-plane kubelet[253]: E0731 17:38:23.168310     253 kubelet.go:3516] "Unable to register mirror pod because node is not registered yet" err="node \"giropops-control-plane\" not found" node="giropops-control-plane"
Jul 31 17:38:23 giropops-control-plane kubelet[253]: E0731 17:38:23.264250     253 kubelet.go:3516] "Unable to register mirror pod because node is not registered yet" err="node \"giropops-control-plane\" not found" node="giropops-control-plane"
Jul 31 17:38:23 giropops-control-plane kubelet[253]: E0731 17:38:23.376326     253 kubelet.go:3516] "Unable to register mirror pod because node is not registered yet" err="node \"giropops-control-plane\" not found" node="giropops-control-plane"
Jul 31 17:38:23 giropops-control-plane kubelet[253]: E0731 17:38:23.513775     253 kubelet.go:3516] "Unable to register mirror pod because node is not registered yet" err="node \"giropops-control-plane\" not found" node="giropops-control-plane"
Jul 31 17:38:23 giropops-control-plane kubelet[253]: E0731 17:38:23.597987     253 kubelet.go:3516] "Unable to register mirror pod because node is not registered yet" err="node \"giropops-control-plane\" not found" node="giropops-control-plane"
Jul 31 17:38:23 giropops-control-plane kubelet[253]: E0731 17:38:23.670067     253 kubelet.go:3516] "Unable to register mirror pod because node is not registered yet" err="node \"giropops-control-plane\" not found" node="giropops-control-plane"
Jul 31 17:38:23 giropops-control-plane kubelet[253]: E0731 17:38:23.839908     253 kubelet.go:3516] "Unable to register mirror pod because node is not registered yet" err="node \"giropops-control-plane\" not found" node="giropops-control-plane"
Jul 31 17:38:23 giropops-control-plane kubelet[253]: E0731 17:38:23.876272     253 kubelet.go:3516] "Unable to register mirror pod because node is not registered yet" err="node \"giropops-control-plane\" not found" node="giropops-control-plane"
Jul 31 17:38:23 giropops-control-plane kubelet[253]: E0731 17:38:23.982666     253 kubelet.go:3516] "Unable to register mirror pod because node is not registered yet" err="node \"giropops-control-plane\" not found" node="giropops-control-plane"
Jul 31 17:38:24 giropops-control-plane kubelet[253]: E0731 17:38:24.087312     253 kubelet.go:3516] "Unable to register mirror pod because node is not registered yet" err="node \"giropops-control-plane\" not found" node="giropops-control-plane"
Jul 31 17:38:24 giropops-control-plane kubelet[253]: E0731 17:38:24.180445     253 kubelet.go:3516] "Unable to register mirror pod because node is not registered yet" err="node \"giropops-control-plane\" not found" node="giropops-control-plane"
Jul 31 17:38:24 giropops-control-plane kubelet[253]: E0731 17:38:24.311519     253 kubelet.go:3516] "Unable to register mirror pod because node is not registered yet" err="node \"giropops-control-plane\" not found" node="giropops-control-plane"
Jul 31 17:38:24 giropops-control-plane kubelet[253]: E0731 17:38:24.462504     253 event.go:368] "Unable to write event (may retry after sleeping)" err="Post \"https://172.21.0.2:6443/api/v1/namespaces/default/events\": dial tcp 172.21.0.2:6443: connect: connection refused" event="&Event{ObjectMeta:{giropops-control-plane.18c77083120e9e56  default    0 0001-01-01 00:00:00 +0000 UTC <nil> <nil> map[] map[] [] [] []},InvolvedObject:ObjectReference{Kind:Node,Namespace:,Name:giropops-control-plane,UID:,APIVersion:v1,ResourceVersion:,FieldPath:,},Reason:Starting,Message:Starting kubelet.,Source:EventSource{Component:kubelet,Host:giropops-control-plane,},FirstTimestamp:2026-07-31 17:38:05.521665622 +0000 UTC m=+5.221008999,LastTimestamp:2026-07-31 17:38:05.521665622 +0000 UTC m=+5.221008999,Count:1,Type:Normal,EventTime:0001-01-01 00:00:00 +0000 UTC,Series:nil,Action:,Related:nil,ReportingController:kubelet,ReportingInstance:giropops-control-plane,}"
Jul 31 17:38:24 giropops-control-plane kubelet[253]: E0731 17:38:24.521633     253 kubelet.go:3516] "Unable to register mirror pod because node is not registered yet" err="node \"giropops-control-plane\" not found" node="giropops-control-plane"
Jul 31 17:38:24 giropops-control-plane kubelet[253]: E0731 17:38:24.622831     253 kubelet.go:3516] "Unable to register mirror pod because node is not registered yet" err="node \"giropops-control-plane\" not found" node="giropops-control-plane"
Jul 31 17:38:24 giropops-control-plane kubelet[253]: E0731 17:38:24.682423     253 kubelet.go:3516] "Unable to register mirror pod because node is not registered yet" err="node \"giropops-control-plane\" not found" node="giropops-control-plane"
Jul 31 17:38:24 giropops-control-plane kubelet[253]: I0731 17:38:24.683268     253 kubelet_node_status.go:75] "Attempting to register node" node="giropops-control-plane"
Jul 31 17:38:24 giropops-control-plane kubelet[253]: E0731 17:38:24.701120     253 kubelet_node_status.go:108] "Unable to register node with API server" err="Post \"https://172.21.0.2:6443/api/v1/nodes\": dial tcp 172.21.0.2:6443: connect: connection refused" node="giropops-control-plane"
Jul 31 17:38:24 giropops-control-plane kubelet[253]: E0731 17:38:24.770433     253 kubelet.go:3516] "Unable to register mirror pod because node is not registered yet" err="node \"giropops-control-plane\" not found" node="giropops-control-plane"
Jul 31 17:38:24 giropops-control-plane kubelet[253]: E0731 17:38:24.919780     253 kubelet.go:3516] "Unable to register mirror pod because node is not registered yet" err="node \"giropops-control-plane\" not found" node="giropops-control-plane"
Jul 31 17:38:25 giropops-control-plane kubelet[253]: E0731 17:38:25.009660     253 kubelet.go:3516] "Unable to register mirror pod because node is not registered yet" err="node \"giropops-control-plane\" not found" node="giropops-control-plane"
Jul 31 17:38:25 giropops-control-plane kubelet[253]: E0731 17:38:25.081487     253 kubelet.go:3516] "Unable to register mirror pod because node is not registered yet" err="node \"giropops-control-plane\" not found" node="giropops-control-plane"
Jul 31 17:38:25 giropops-control-plane kubelet[253]: E0731 17:38:25.173059     253 kubelet.go:3516] "Unable to register mirror pod because node is not registered yet" err="node \"giropops-control-plane\" not found" node="giropops-control-plane"
Jul 31 17:38:25 giropops-control-plane kubelet[253]: E0731 17:38:25.282430     253 kubelet.go:3516] "Unable to register mirror pod because node is not registered yet" err="node \"giropops-control-plane\" not found" node="giropops-control-plane"
Jul 31 17:38:25 giropops-control-plane kubelet[253]: E0731 17:38:25.368963     253 kubelet.go:3516] "Unable to register mirror pod because node is not registered yet" err="node \"giropops-control-plane\" not found" node="giropops-control-plane"
Jul 31 17:38:25 giropops-control-plane kubelet[253]: E0731 17:38:25.514174     253 kubelet.go:3516] "Unable to register mirror pod because node is not registered yet" err="node \"giropops-control-plane\" not found" node="giropops-control-plane"
Jul 31 17:38:25 giropops-control-plane kubelet[253]: E0731 17:38:25.617636     253 kubelet.go:3516] "Unable to register mirror pod because node is not registered yet" err="node \"giropops-control-plane\" not found" node="giropops-control-plane"
Jul 31 17:38:25 giropops-control-plane kubelet[253]: W0731 17:38:25.660725     253 manager.go:1184] Failed to process watch event {EventType:0 Name:/kubelet.slice/kubelet-kubepods.slice/kubelet-kubepods-burstable.slice/kubelet-kubepods-burstable-podf6385469cdee465b66702fe8e5b98948.slice/cri-containerd-dbbb673dcb394687e22e11338b865be8bb70e79e3932eee3ec4acf68c0419d18.scope WatchSource:0}: context deadline exceeded
Jul 31 17:38:25 giropops-control-plane kubelet[253]: E0731 17:38:25.673451     253 kubelet.go:3516] "Unable to register mirror pod because node is not registered yet" err="node \"giropops-control-plane\" not found" node="giropops-control-plane"
Jul 31 17:38:25 giropops-control-plane kubelet[253]: E0731 17:38:25.687699     253 controller.go:201] "Failed to ensure lease exists, will retry" err="Get \"https://172.21.0.2:6443/apis/coordination.k8s.io/v1/namespaces/kube-node-lease/leases/giropops-control-plane?timeout=10s\": dial tcp 172.21.0.2:6443: connect: connection refused" interval="7s"
Jul 31 17:38:25 giropops-control-plane kubelet[253]: E0731 17:38:25.765440     253 kubelet.go:3516] "Unable to register mirror pod because node is not registered yet" err="node \"giropops-control-plane\" not found" node="giropops-control-plane"
Jul 31 17:38:25 giropops-control-plane kubelet[253]: E0731 17:38:25.874141     253 kubelet.go:3516] "Unable to register mirror pod because node is not registered yet" err="node \"giropops-control-plane\" not found" node="giropops-control-plane"
Jul 31 17:38:25 giropops-control-plane kubelet[253]: E0731 17:38:25.968254     253 kubelet.go:3516] "Unable to register mirror pod because node is not registered yet" err="node \"giropops-control-plane\" not found" node="giropops-control-plane"
Jul 31 17:38:26 giropops-control-plane kubelet[253]: E0731 17:38:26.090740     253 kubelet.go:3516] "Unable to register mirror pod because node is not registered yet" err="node \"giropops-control-plane\" not found" node="giropops-control-plane"
Jul 31 17:38:26 giropops-control-plane kubelet[253]: E0731 17:38:26.167918     253 kubelet.go:3516] "Unable to register mirror pod because node is not registered yet" err="node \"giropops-control-plane\" not found" node="giropops-control-plane"
Jul 31 17:38:26 giropops-control-plane kubelet[253]: E0731 17:38:26.322721     253 kubelet.go:3516] "Unable to register mirror pod because node is not registered yet" err="node \"giropops-control-plane\" not found" node="giropops-control-plane"
Jul 31 17:38:26 giropops-control-plane kubelet[253]: E0731 17:38:26.379504     253 kubelet.go:3516] "Unable to register mirror pod because node is not registered yet" err="node \"giropops-control-plane\" not found" node="giropops-control-plane"
Jul 31 17:38:26 giropops-control-plane kubelet[253]: E0731 17:38:26.467863     253 kubelet.go:3516] "Unable to register mirror pod because node is not registered yet" err="node \"giropops-control-plane\" not found" node="giropops-control-plane"
Jul 31 17:38:26 giropops-control-plane kubelet[253]: E0731 17:38:26.592897     253 kubelet.go:3516] "Unable to register mirror pod because node is not registered yet" err="node \"giropops-control-plane\" not found" node="giropops-control-plane"
Jul 31 17:38:26 giropops-control-plane kubelet[253]: E0731 17:38:26.686383     253 kubelet.go:3516] "Unable to register mirror pod because node is not registered yet" err="node \"giropops-control-plane\" not found" node="giropops-control-plane"
Jul 31 17:38:26 giropops-control-plane kubelet[253]: E0731 17:38:26.798297     253 kubelet.go:3516] "Unable to register mirror pod because node is not registered yet" err="node \"giropops-control-plane\" not found" node="giropops-control-plane"
Jul 31 17:38:26 giropops-control-plane kubelet[253]: E0731 17:38:26.866742     253 kubelet.go:3516] "Unable to register mirror pod because node is not registered yet" err="node \"giropops-control-plane\" not found" node="giropops-control-plane"
Jul 31 17:38:27 giropops-control-plane kubelet[253]: E0731 17:38:27.034706     253 kubelet.go:3516] "Unable to register mirror pod because node is not registered yet" err="node \"giropops-control-plane\" not found" node="giropops-control-plane"
Jul 31 17:38:27 giropops-control-plane kubelet[253]: E0731 17:38:27.123648     253 kubelet.go:3516] "Unable to register mirror pod because node is not registered yet" err="node \"giropops-control-plane\" not found" node="giropops-control-plane"
Jul 31 17:38:27 giropops-control-plane kubelet[253]: E0731 17:38:27.200893     253 kubelet.go:3516] "Unable to register mirror pod because node is not registered yet" err="node \"giropops-control-plane\" not found" node="giropops-control-plane"
Jul 31 17:38:27 giropops-control-plane kubelet[253]: E0731 17:38:27.342009     253 kubelet.go:3516] "Unable to register mirror pod because node is not registered yet" err="node \"giropops-control-plane\" not found" node="giropops-control-plane"
Jul 31 17:38:27 giropops-control-plane kubelet[253]: E0731 17:38:27.377582     253 kubelet.go:3516] "Unable to register mirror pod because node is not registered yet" err="node \"giropops-control-plane\" not found" node="giropops-control-plane"
Jul 31 17:38:27 giropops-control-plane kubelet[253]: E0731 17:38:27.487356     253 kubelet.go:3516] "Unable to register mirror pod because node is not registered yet" err="node \"giropops-control-plane\" not found" node="giropops-control-plane"
Jul 31 17:38:27 giropops-control-plane kubelet[253]: E0731 17:38:27.602772     253 kubelet.go:3516] "Unable to register mirror pod because node is not registered yet" err="node \"giropops-control-plane\" not found" node="giropops-control-plane"
Jul 31 17:38:27 giropops-control-plane kubelet[253]: E0731 17:38:27.709355     253 kubelet.go:3516] "Unable to register mirror pod because node is not registered yet" err="node \"giropops-control-plane\" not found" node="giropops-control-plane"
Jul 31 17:38:27 giropops-control-plane kubelet[253]: E0731 17:38:27.799499     253 kubelet.go:3516] "Unable to register mirror pod because node is not registered yet" err="node \"giropops-control-plane\" not found" node="giropops-control-plane"
Jul 31 17:38:27 giropops-control-plane kubelet[253]: E0731 17:38:27.885172     253 kubelet.go:3516] "Unable to register mirror pod because node is not registered yet" err="node \"giropops-control-plane\" not found" node="giropops-control-plane"
Jul 31 17:38:27 giropops-control-plane kubelet[253]: W0731 17:38:27.923056     253 manager.go:1184] Failed to process watch event {EventType:0 Name:/kubelet.slice/kubelet-kubepods.slice/kubelet-kubepods-burstable.slice/kubelet-kubepods-burstable-pod9aa54d4cc5f426ff6f27a1106c7cef9a.slice/cri-containerd-817b1666cdf89ac73efe40847012e622d3f794ff783b18a0ba73238b641421ed.scope WatchSource:0}: context deadline exceeded
Jul 31 17:38:28 giropops-control-plane kubelet[253]: E0731 17:38:28.033384     253 kubelet.go:3516] "Unable to register mirror pod because node is not registered yet" err="node \"giropops-control-plane\" not found" node="giropops-control-plane"
Jul 31 17:38:28 giropops-control-plane kubelet[253]: E0731 17:38:28.107394     253 kubelet.go:3516] "Unable to register mirror pod because node is not registered yet" err="node \"giropops-control-plane\" not found" node="giropops-control-plane"
Jul 31 17:38:28 giropops-control-plane kubelet[253]: E0731 17:38:28.203417     253 kubelet.go:3516] "Unable to register mirror pod because node is not registered yet" err="node \"giropops-control-plane\" not found" node="giropops-control-plane"
Jul 31 17:38:28 giropops-control-plane kubelet[253]: E0731 17:38:28.268884     253 kubelet.go:3516] "Unable to register mirror pod because node is not registered yet" err="node \"giropops-control-plane\" not found" node="giropops-control-plane"
Jul 31 17:38:28 giropops-control-plane kubelet[253]: E0731 17:38:28.396878     253 kubelet.go:3516] "Unable to register mirror pod because node is not registered yet" err="node \"giropops-control-plane\" not found" node="giropops-control-plane"
Jul 31 17:38:28 giropops-control-plane kubelet[253]: E0731 17:38:28.492258     253 kubelet.go:3516] "Unable to register mirror pod because node is not registered yet" err="node \"giropops-control-plane\" not found" node="giropops-control-plane"
Jul 31 17:38:28 giropops-control-plane kubelet[253]: E0731 17:38:28.596819     253 kubelet.go:3516] "Unable to register mirror pod because node is not registered yet" err="node \"giropops-control-plane\" not found" node="giropops-control-plane"
Jul 31 17:38:28 giropops-control-plane kubelet[253]: E0731 17:38:28.672724     253 kubelet.go:3516] "Unable to register mirror pod because node is not registered yet" err="node \"giropops-control-plane\" not found" node="giropops-control-plane"
Jul 31 17:38:28 giropops-control-plane kubelet[253]: E0731 17:38:28.777673     253 kubelet.go:3516] "Unable to register mirror pod because node is not registered yet" err="node \"giropops-control-plane\" not found" node="giropops-control-plane"
Jul 31 17:38:28 giropops-control-plane kubelet[253]: E0731 17:38:28.903398     253 kubelet.go:3516] "Unable to register mirror pod because node is not registered yet" err="node \"giropops-control-plane\" not found" node="giropops-control-plane"
Jul 31 17:38:28 giropops-control-plane kubelet[253]: E0731 17:38:28.970334     253 kubelet.go:3516] "Unable to register mirror pod because node is not registered yet" err="node \"giropops-control-plane\" not found" node="giropops-control-plane"
Jul 31 17:38:29 giropops-control-plane kubelet[253]: E0731 17:38:29.069448     253 kubelet.go:3516] "Unable to register mirror pod because node is not registered yet" err="node \"giropops-control-plane\" not found" node="giropops-control-plane"
Jul 31 17:38:29 giropops-control-plane kubelet[253]: E0731 17:38:29.214930     253 kubelet.go:3516] "Unable to register mirror pod because node is not registered yet" err="node \"giropops-control-plane\" not found" node="giropops-control-plane"
Jul 31 17:38:29 giropops-control-plane kubelet[253]: E0731 17:38:29.289999     253 kubelet.go:3516] "Unable to register mirror pod because node is not registered yet" err="node \"giropops-control-plane\" not found" node="giropops-control-plane"
Jul 31 17:38:29 giropops-control-plane kubelet[253]: E0731 17:38:29.374886     253 kubelet.go:3516] "Unable to register mirror pod because node is not registered yet" err="node \"giropops-control-plane\" not found" node="giropops-control-plane"
Jul 31 17:38:29 giropops-control-plane kubelet[253]: E0731 17:38:29.498687     253 kubelet.go:3516] "Unable to register mirror pod because node is not registered yet" err="node \"giropops-control-plane\" not found" node="giropops-control-plane"
Jul 31 17:38:29 giropops-control-plane kubelet[253]: E0731 17:38:29.621887     253 kubelet.go:3516] "Unable to register mirror pod because node is not registered yet" err="node \"giropops-control-plane\" not found" node="giropops-control-plane"
Jul 31 17:38:29 giropops-control-plane kubelet[253]: E0731 17:38:29.679339     253 kubelet.go:3516] "Unable to register mirror pod because node is not registered yet" err="node \"giropops-control-plane\" not found" node="giropops-control-plane"
Jul 31 17:38:29 giropops-control-plane kubelet[253]: E0731 17:38:29.764729     253 kubelet.go:3516] "Unable to register mirror pod because node is not registered yet" err="node \"giropops-control-plane\" not found" node="giropops-control-plane"
Jul 31 17:38:29 giropops-control-plane kubelet[253]: E0731 17:38:29.872222     253 kubelet.go:3516] "Unable to register mirror pod because node is not registered yet" err="node \"giropops-control-plane\" not found" node="giropops-control-plane"
Jul 31 17:38:29 giropops-control-plane kubelet[253]: E0731 17:38:29.968088     253 kubelet.go:3516] "Unable to register mirror pod because node is not registered yet" err="node \"giropops-control-plane\" not found" node="giropops-control-plane"
Jul 31 17:38:30 giropops-control-plane kubelet[253]: E0731 17:38:30.073996     253 kubelet.go:3516] "Unable to register mirror pod because node is not registered yet" err="node \"giropops-control-plane\" not found" node="giropops-control-plane"
Jul 31 17:38:30 giropops-control-plane kubelet[253]: E0731 17:38:30.213733     253 kubelet.go:3516] "Unable to register mirror pod because node is not registered yet" err="node \"giropops-control-plane\" not found" node="giropops-control-plane"
Jul 31 17:38:30 giropops-control-plane kubelet[253]: E0731 17:38:30.280281     253 kubelet.go:3516] "Unable to register mirror pod because node is not registered yet" err="node \"giropops-control-plane\" not found" node="giropops-control-plane"
Jul 31 17:38:30 giropops-control-plane kubelet[253]: E0731 17:38:30.391318     253 kubelet.go:3516] "Unable to register mirror pod because node is not registered yet" err="node \"giropops-control-plane\" not found" node="giropops-control-plane"
Jul 31 17:38:30 giropops-control-plane kubelet[253]: E0731 17:38:30.477875     253 kubelet.go:3516] "Unable to register mirror pod because node is not registered yet" err="node \"giropops-control-plane\" not found" node="giropops-control-plane"
Jul 31 17:38:30 giropops-control-plane kubelet[253]: E0731 17:38:30.573447     253 kubelet.go:3516] "Unable to register mirror pod because node is not registered yet" err="node \"giropops-control-plane\" not found" node="giropops-control-plane"
Jul 31 17:38:30 giropops-control-plane kubelet[253]: E0731 17:38:30.689789     253 kubelet.go:3516] "Unable to register mirror pod because node is not registered yet" err="node \"giropops-control-plane\" not found" node="giropops-control-plane"
Jul 31 17:38:30 giropops-control-plane kubelet[253]: E0731 17:38:30.767481     253 kubelet.go:3516] "Unable to register mirror pod because node is not registered yet" err="node \"giropops-control-plane\" not found" node="giropops-control-plane"
Jul 31 17:38:30 giropops-control-plane kubelet[253]: E0731 17:38:30.985449     253 kubelet.go:3516] "Unable to register mirror pod because node is not registered yet" err="node \"giropops-control-plane\" not found" node="giropops-control-plane"
Jul 31 17:38:31 giropops-control-plane kubelet[253]: E0731 17:38:31.110070     253 kubelet.go:3516] "Unable to register mirror pod because node is not registered yet" err="node \"giropops-control-plane\" not found" node="giropops-control-plane"
Jul 31 17:38:31 giropops-control-plane kubelet[253]: E0731 17:38:31.205540     253 kubelet.go:3516] "Unable to register mirror pod because node is not registered yet" err="node \"giropops-control-plane\" not found" node="giropops-control-plane"
Jul 31 17:38:31 giropops-control-plane kubelet[253]: E0731 17:38:31.279870     253 kubelet.go:3516] "Unable to register mirror pod because node is not registered yet" err="node \"giropops-control-plane\" not found" node="giropops-control-plane"
Jul 31 17:38:31 giropops-control-plane kubelet[253]: E0731 17:38:31.295796     253 eviction_manager.go:297] "Eviction manager: failed to get summary stats" err="failed to get node info: node \"giropops-control-plane\" not found"
Jul 31 17:38:31 giropops-control-plane kubelet[253]: E0731 17:38:31.397463     253 kubelet.go:3516] "Unable to register mirror pod because node is not registered yet" err="node \"giropops-control-plane\" not found" node="giropops-control-plane"
Jul 31 17:38:31 giropops-control-plane kubelet[253]: E0731 17:38:31.527056     253 kubelet.go:3516] "Unable to register mirror pod because node is not registered yet" err="node \"giropops-control-plane\" not found" node="giropops-control-plane"
Jul 31 17:38:31 giropops-control-plane kubelet[253]: E0731 17:38:31.576968     253 kubelet.go:3516] "Unable to register mirror pod because node is not registered yet" err="node \"giropops-control-plane\" not found" node="giropops-control-plane"
Jul 31 17:38:31 giropops-control-plane kubelet[253]: E0731 17:38:31.676166     253 kubelet.go:3516] "Unable to register mirror pod because node is not registered yet" err="node \"giropops-control-plane\" not found" node="giropops-control-plane"
Jul 31 17:38:31 giropops-control-plane kubelet[253]: E0731 17:38:31.789391     253 kubelet.go:3516] "Unable to register mirror pod because node is not registered yet" err="node \"giropops-control-plane\" not found" node="giropops-control-plane"
Jul 31 17:38:31 giropops-control-plane kubelet[253]: I0731 17:38:31.861983     253 kubelet_node_status.go:75] "Attempting to register node" node="giropops-control-plane"
Jul 31 17:38:31 giropops-control-plane kubelet[253]: E0731 17:38:31.875450     253 kubelet.go:3516] "Unable to register mirror pod because node is not registered yet" err="node \"giropops-control-plane\" not found" node="giropops-control-plane"
Jul 31 17:38:31 giropops-control-plane kubelet[253]: E0731 17:38:31.884531     253 kubelet_node_status.go:108] "Unable to register node with API server" err="Post \"https://172.21.0.2:6443/api/v1/nodes\": dial tcp 172.21.0.2:6443: connect: connection refused" node="giropops-control-plane"
Jul 31 17:38:31 giropops-control-plane kubelet[253]: E0731 17:38:31.976564     253 kubelet.go:3516] "Unable to register mirror pod because node is not registered yet" err="node \"giropops-control-plane\" not found" node="giropops-control-plane"
Jul 31 17:38:32 giropops-control-plane kubelet[253]: E0731 17:38:32.097342     253 kubelet.go:3516] "Unable to register mirror pod because node is not registered yet" err="node \"giropops-control-plane\" not found" node="giropops-control-plane"
Jul 31 17:38:32 giropops-control-plane kubelet[253]: E0731 17:38:32.177623     253 kubelet.go:3516] "Unable to register mirror pod because node is not registered yet" err="node \"giropops-control-plane\" not found" node="giropops-control-plane"
Jul 31 17:38:32 giropops-control-plane kubelet[253]: E0731 17:38:32.336509     253 kubelet.go:3516] "Unable to register mirror pod because node is not registered yet" err="node \"giropops-control-plane\" not found" node="giropops-control-plane"
Jul 31 17:38:32 giropops-control-plane kubelet[253]: E0731 17:38:32.540670     253 kubelet.go:3516] "Unable to register mirror pod because node is not registered yet" err="node \"giropops-control-plane\" not found" node="giropops-control-plane"
Jul 31 17:38:32 giropops-control-plane kubelet[253]: E0731 17:38:32.598122     253 kubelet.go:3516] "Unable to register mirror pod because node is not registered yet" err="node \"giropops-control-plane\" not found" node="giropops-control-plane"
Jul 31 17:38:32 giropops-control-plane kubelet[253]: E0731 17:38:32.672919     253 kubelet.go:3516] "Unable to register mirror pod because node is not registered yet" err="node \"giropops-control-plane\" not found" node="giropops-control-plane"
Jul 31 17:38:32 giropops-control-plane kubelet[253]: E0731 17:38:32.703666     253 controller.go:201] "Failed to ensure lease exists, will retry" err="Get \"https://172.21.0.2:6443/apis/coordination.k8s.io/v1/namespaces/kube-node-lease/leases/giropops-control-plane?timeout=10s\": dial tcp 172.21.0.2:6443: connect: connection refused" interval="7s"
Jul 31 17:38:32 giropops-control-plane kubelet[253]: E0731 17:38:32.780043     253 kubelet.go:3516] "Unable to register mirror pod because node is not registered yet" err="node \"giropops-control-plane\" not found" node="giropops-control-plane"
Jul 31 17:38:32 giropops-control-plane kubelet[253]: E0731 17:38:32.872082     253 kubelet.go:3516] "Unable to register mirror pod because node is not registered yet" err="node \"giropops-control-plane\" not found" node="giropops-control-plane"
Jul 31 17:38:32 giropops-control-plane kubelet[253]: E0731 17:38:32.964960     253 kubelet.go:3516] "Unable to register mirror pod because node is not registered yet" err="node \"giropops-control-plane\" not found" node="giropops-control-plane"
Jul 31 17:38:33 giropops-control-plane kubelet[253]: E0731 17:38:33.077069     253 kubelet.go:3516] "Unable to register mirror pod because node is not registered yet" err="node \"giropops-control-plane\" not found" node="giropops-control-plane"
Jul 31 17:38:33 giropops-control-plane kubelet[253]: E0731 17:38:33.170529     253 kubelet.go:3516] "Unable to register mirror pod because node is not registered yet" err="node \"giropops-control-plane\" not found" node="giropops-control-plane"
Jul 31 17:38:33 giropops-control-plane kubelet[253]: E0731 17:38:33.275803     253 kubelet.go:3516] "Unable to register mirror pod because node is not registered yet" err="node \"giropops-control-plane\" not found" node="giropops-control-plane"
Jul 31 17:38:33 giropops-control-plane kubelet[253]: E0731 17:38:33.367395     253 kubelet.go:3516] "Unable to register mirror pod because node is not registered yet" err="node \"giropops-control-plane\" not found" node="giropops-control-plane"
Jul 31 17:38:33 giropops-control-plane kubelet[253]: E0731 17:38:33.486150     253 kubelet.go:3516] "Unable to register mirror pod because node is not registered yet" err="node \"giropops-control-plane\" not found" node="giropops-control-plane"
Jul 31 17:38:33 giropops-control-plane kubelet[253]: E0731 17:38:33.565911     253 kubelet.go:3516] "Unable to register mirror pod because node is not registered yet" err="node \"giropops-control-plane\" not found" node="giropops-control-plane"
Jul 31 17:38:33 giropops-control-plane kubelet[253]: E0731 17:38:33.682128     253 kubelet.go:3516] "Unable to register mirror pod because node is not registered yet" err="node \"giropops-control-plane\" not found" node="giropops-control-plane"
Jul 31 17:38:33 giropops-control-plane kubelet[253]: E0731 17:38:33.766281     253 kubelet.go:3516] "Unable to register mirror pod because node is not registered yet" err="node \"giropops-control-plane\" not found" node="giropops-control-plane"
Jul 31 17:38:33 giropops-control-plane kubelet[253]: E0731 17:38:33.887048     253 kubelet.go:3516] "Unable to register mirror pod because node is not registered yet" err="node \"giropops-control-plane\" not found" node="giropops-control-plane"
Jul 31 17:38:33 giropops-control-plane kubelet[253]: E0731 17:38:33.969941     253 kubelet.go:3516] "Unable to register mirror pod because node is not registered yet" err="node \"giropops-control-plane\" not found" node="giropops-control-plane"
Jul 31 17:38:34 giropops-control-plane kubelet[253]: E0731 17:38:34.095225     253 kubelet.go:3516] "Unable to register mirror pod because node is not registered yet" err="node \"giropops-control-plane\" not found" node="giropops-control-plane"
Jul 31 17:38:34 giropops-control-plane kubelet[253]: E0731 17:38:34.171134     253 kubelet.go:3516] "Unable to register mirror pod because node is not registered yet" err="node \"giropops-control-plane\" not found" node="giropops-control-plane"
Jul 31 17:38:34 giropops-control-plane kubelet[253]: E0731 17:38:34.270777     253 kubelet.go:3516] "Unable to register mirror pod because node is not registered yet" err="node \"giropops-control-plane\" not found" node="giropops-control-plane"
Jul 31 17:38:34 giropops-control-plane kubelet[253]: E0731 17:38:34.376899     253 kubelet.go:3516] "Unable to register mirror pod because node is not registered yet" err="node \"giropops-control-plane\" not found" node="giropops-control-plane"
Jul 31 17:38:34 giropops-control-plane kubelet[253]: E0731 17:38:34.482053     253 kubelet.go:3516] "Unable to register mirror pod because node is not registered yet" err="node \"giropops-control-plane\" not found" node="giropops-control-plane"
Jul 31 17:38:34 giropops-control-plane kubelet[253]: E0731 17:38:34.525414     253 event.go:368] "Unable to write event (may retry after sleeping)" err="Post \"https://172.21.0.2:6443/api/v1/namespaces/default/events\": dial tcp 172.21.0.2:6443: connect: connection refused" event="&Event{ObjectMeta:{giropops-control-plane.18c77083120e9e56  default    0 0001-01-01 00:00:00 +0000 UTC <nil> <nil> map[] map[] [] [] []},InvolvedObject:ObjectReference{Kind:Node,Namespace:,Name:giropops-control-plane,UID:,APIVersion:v1,ResourceVersion:,FieldPath:,},Reason:Starting,Message:Starting kubelet.,Source:EventSource{Component:kubelet,Host:giropops-control-plane,},FirstTimestamp:2026-07-31 17:38:05.521665622 +0000 UTC m=+5.221008999,LastTimestamp:2026-07-31 17:38:05.521665622 +0000 UTC m=+5.221008999,Count:1,Type:Normal,EventTime:0001-01-01 00:00:00 +0000 UTC,Series:nil,Action:,Related:nil,ReportingController:kubelet,ReportingInstance:giropops-control-plane,}"
Jul 31 17:38:34 giropops-control-plane kubelet[253]: E0731 17:38:34.578015     253 kubelet.go:3516] "Unable to register mirror pod because node is not registered yet" err="node \"giropops-control-plane\" not found" node="giropops-control-plane"
Jul 31 17:38:34 giropops-control-plane kubelet[253]: E0731 17:38:34.686054     253 kubelet.go:3516] "Unable to register mirror pod because node is not registered yet" err="node \"giropops-control-plane\" not found" node="giropops-control-plane"
Jul 31 17:38:34 giropops-control-plane kubelet[253]: E0731 17:38:34.782044     253 kubelet.go:3516] "Unable to register mirror pod because node is not registered yet" err="node \"giropops-control-plane\" not found" node="giropops-control-plane"
Jul 31 17:38:34 giropops-control-plane kubelet[253]: E0731 17:38:34.871978     253 kubelet.go:3516] "Unable to register mirror pod because node is not registered yet" err="node \"giropops-control-plane\" not found" node="giropops-control-plane"
Jul 31 17:38:35 giropops-control-plane kubelet[253]: E0731 17:38:34.980342     253 kubelet.go:3516] "Unable to register mirror pod because node is not registered yet" err="node \"giropops-control-plane\" not found" node="giropops-control-plane"
Jul 31 17:38:35 giropops-control-plane kubelet[253]: E0731 17:38:35.067904     253 kubelet.go:3516] "Unable to register mirror pod because node is not registered yet" err="node \"giropops-control-plane\" not found" node="giropops-control-plane"
Jul 31 17:38:35 giropops-control-plane kubelet[253]: E0731 17:38:35.273774     253 kubelet.go:3516] "Unable to register mirror pod because node is not registered yet" err="node \"giropops-control-plane\" not found" node="giropops-control-plane"
Jul 31 17:38:35 giropops-control-plane kubelet[253]: E0731 17:38:35.364683     253 kubelet.go:3516] "Unable to register mirror pod because node is not registered yet" err="node \"giropops-control-plane\" not found" node="giropops-control-plane"
Jul 31 17:38:35 giropops-control-plane kubelet[253]: E0731 17:38:35.490648     253 kubelet.go:3516] "Unable to register mirror pod because node is not registered yet" err="node \"giropops-control-plane\" not found" node="giropops-control-plane"
Jul 31 17:38:35 giropops-control-plane kubelet[253]: E0731 17:38:35.600024     253 kubelet.go:3516] "Unable to register mirror pod because node is not registered yet" err="node \"giropops-control-plane\" not found" node="giropops-control-plane"
Jul 31 17:38:35 giropops-control-plane kubelet[253]: E0731 17:38:35.676787     253 kubelet.go:3516] "Unable to register mirror pod because node is not registered yet" err="node \"giropops-control-plane\" not found" node="giropops-control-plane"
Jul 31 17:38:35 giropops-control-plane kubelet[253]: E0731 17:38:35.776793     253 certificate_manager.go:596] "Failed while requesting a signed certificate from the control plane" err="cannot create certificate signing request: Post \"https://172.21.0.2:6443/apis/certificates.k8s.io/v1/certificatesigningrequests\": dial tcp 172.21.0.2:6443: connect: connection refused" logger="kubernetes.io/kube-apiserver-client-kubelet.UnhandledError"
Jul 31 17:38:35 giropops-control-plane kubelet[253]: E0731 17:38:35.803388     253 certificate_manager.go:461] "Reached backoff limit, still unable to rotate certs" err="timed out waiting for the condition" logger="kubernetes.io/kube-apiserver-client-kubelet.UnhandledError"
Jul 31 17:38:35 giropops-control-plane kubelet[253]: E0731 17:38:35.781450     253 kubelet.go:3516] "Unable to register mirror pod because node is not registered yet" err="node \"giropops-control-plane\" not found" node="giropops-control-plane"
Jul 31 17:38:35 giropops-control-plane kubelet[253]: E0731 17:38:35.865281     253 kubelet.go:3516] "Unable to register mirror pod because node is not registered yet" err="node \"giropops-control-plane\" not found" node="giropops-control-plane"
Jul 31 17:38:35 giropops-control-plane kubelet[253]: E0731 17:38:35.967833     253 kubelet.go:3516] "Unable to register mirror pod because node is not registered yet" err="node \"giropops-control-plane\" not found" node="giropops-control-plane"
Jul 31 17:38:36 giropops-control-plane kubelet[253]: E0731 17:38:36.074083     253 kubelet.go:3516] "Unable to register mirror pod because node is not registered yet" err="node \"giropops-control-plane\" not found" node="giropops-control-plane"
Jul 31 17:38:36 giropops-control-plane kubelet[253]: E0731 17:38:36.173398     253 kubelet.go:3516] "Unable to register mirror pod because node is not registered yet" err="node \"giropops-control-plane\" not found" node="giropops-control-plane"
Jul 31 17:38:36 giropops-control-plane kubelet[253]: E0731 17:38:36.269958     253 kubelet.go:3516] "Unable to register mirror pod because node is not registered yet" err="node \"giropops-control-plane\" not found" node="giropops-control-plane"
Jul 31 17:38:36 giropops-control-plane kubelet[253]: E0731 17:38:36.372188     253 kubelet.go:3516] "Unable to register mirror pod because node is not registered yet" err="node \"giropops-control-plane\" not found" node="giropops-control-plane"
Jul 31 17:38:36 giropops-control-plane kubelet[253]: E0731 17:38:36.464978     253 kubelet.go:3516] "Unable to register mirror pod because node is not registered yet" err="node \"giropops-control-plane\" not found" node="giropops-control-plane"
Jul 31 17:38:36 giropops-control-plane kubelet[253]: E0731 17:38:36.586121     253 kubelet.go:3516] "Unable to register mirror pod because node is not registered yet" err="node \"giropops-control-plane\" not found" node="giropops-control-plane"
Jul 31 17:38:36 giropops-control-plane kubelet[253]: E0731 17:38:36.674985     253 kubelet.go:3516] "Unable to register mirror pod because node is not registered yet" err="node \"giropops-control-plane\" not found" node="giropops-control-plane"
Jul 31 17:38:36 giropops-control-plane kubelet[253]: E0731 17:38:36.785426     253 kubelet.go:3516] "Unable to register mirror pod because node is not registered yet" err="node \"giropops-control-plane\" not found" node="giropops-control-plane"
Jul 31 17:38:36 giropops-control-plane kubelet[253]: E0731 17:38:36.872638     253 kubelet.go:3516] "Unable to register mirror pod because node is not registered yet" err="node \"giropops-control-plane\" not found" node="giropops-control-plane"
Jul 31 17:38:36 giropops-control-plane kubelet[253]: E0731 17:38:36.967777     253 kubelet.go:3516] "Unable to register mirror pod because node is not registered yet" err="node \"giropops-control-plane\" not found" node="giropops-control-plane"
Jul 31 17:38:37 giropops-control-plane kubelet[253]: E0731 17:38:37.069773     253 kubelet.go:3516] "Unable to register mirror pod because node is not registered yet" err="node \"giropops-control-plane\" not found" node="giropops-control-plane"
Jul 31 17:38:37 giropops-control-plane kubelet[253]: E0731 17:38:37.170636     253 kubelet.go:3516] "Unable to register mirror pod because node is not registered yet" err="node \"giropops-control-plane\" not found" node="giropops-control-plane"
Jul 31 17:38:37 giropops-control-plane kubelet[253]: E0731 17:38:37.285169     253 kubelet.go:3516] "Unable to register mirror pod because node is not registered yet" err="node \"giropops-control-plane\" not found" node="giropops-control-plane"
Jul 31 17:38:37 giropops-control-plane kubelet[253]: E0731 17:38:37.383300     253 kubelet.go:3516] "Unable to register mirror pod because node is not registered yet" err="node \"giropops-control-plane\" not found" node="giropops-control-plane"
Jul 31 17:38:37 giropops-control-plane kubelet[253]: E0731 17:38:37.484827     253 kubelet.go:3516] "Unable to register mirror pod because node is not registered yet" err="node \"giropops-control-plane\" not found" node="giropops-control-plane"
Jul 31 17:38:37 giropops-control-plane kubelet[253]: E0731 17:38:37.577546     253 kubelet.go:3516] "Unable to register mirror pod because node is not registered yet" err="node \"giropops-control-plane\" not found" node="giropops-control-plane"
Jul 31 17:38:37 giropops-control-plane kubelet[253]: E0731 17:38:37.669034     253 kubelet.go:3516] "Unable to register mirror pod because node is not registered yet" err="node \"giropops-control-plane\" not found" node="giropops-control-plane"
Jul 31 17:38:37 giropops-control-plane kubelet[253]: E0731 17:38:37.771525     253 kubelet.go:3516] "Unable to register mirror pod because node is not registered yet" err="node \"giropops-control-plane\" not found" node="giropops-control-plane"
Jul 31 17:38:37 giropops-control-plane kubelet[253]: E0731 17:38:37.871431     253 kubelet.go:3516] "Unable to register mirror pod because node is not registered yet" err="node \"giropops-control-plane\" not found" node="giropops-control-plane"
Jul 31 17:38:37 giropops-control-plane kubelet[253]: E0731 17:38:37.982000     253 kubelet.go:3516] "Unable to register mirror pod because node is not registered yet" err="node \"giropops-control-plane\" not found" node="giropops-control-plane"
Jul 31 17:38:38 giropops-control-plane kubelet[253]: E0731 17:38:38.085800     253 kubelet.go:3516] "Unable to register mirror pod because node is not registered yet" err="node \"giropops-control-plane\" not found" node="giropops-control-plane"
Jul 31 17:38:38 giropops-control-plane kubelet[253]: E0731 17:38:38.181477     253 kubelet.go:3516] "Unable to register mirror pod because node is not registered yet" err="node \"giropops-control-plane\" not found" node="giropops-control-plane"
Jul 31 17:38:38 giropops-control-plane kubelet[253]: E0731 17:38:38.266705     253 kubelet.go:3516] "Unable to register mirror pod because node is not registered yet" err="node \"giropops-control-plane\" not found" node="giropops-control-plane"
Jul 31 17:38:38 giropops-control-plane kubelet[253]: E0731 17:38:38.416122     253 kubelet.go:3516] "Unable to register mirror pod because node is not registered yet" err="node \"giropops-control-plane\" not found" node="giropops-control-plane"
Jul 31 17:38:38 giropops-control-plane kubelet[253]: E0731 17:38:38.464130     253 kubelet.go:3516] "Unable to register mirror pod because node is not registered yet" err="node \"giropops-control-plane\" not found" node="giropops-control-plane"
Jul 31 17:38:38 giropops-control-plane kubelet[253]: E0731 17:38:38.586751     253 kubelet.go:3516] "Unable to register mirror pod because node is not registered yet" err="node \"giropops-control-plane\" not found" node="giropops-control-plane"
Jul 31 17:38:38 giropops-control-plane kubelet[253]: E0731 17:38:38.673242     253 kubelet.go:3516] "Unable to register mirror pod because node is not registered yet" err="node \"giropops-control-plane\" not found" node="giropops-control-plane"
Jul 31 17:38:38 giropops-control-plane kubelet[253]: E0731 17:38:38.773197     253 kubelet.go:3516] "Unable to register mirror pod because node is not registered yet" err="node \"giropops-control-plane\" not found" node="giropops-control-plane"
Jul 31 17:38:38 giropops-control-plane kubelet[253]: E0731 17:38:38.866862     253 kubelet.go:3516] "Unable to register mirror pod because node is not registered yet" err="node \"giropops-control-plane\" not found" node="giropops-control-plane"
Jul 31 17:38:38 giropops-control-plane kubelet[253]: I0731 17:38:38.964553     253 kubelet_node_status.go:75] "Attempting to register node" node="giropops-control-plane"
Jul 31 17:38:38 giropops-control-plane kubelet[253]: E0731 17:38:38.978599     253 kubelet_node_status.go:108] "Unable to register node with API server" err="Post \"https://172.21.0.2:6443/api/v1/nodes\": dial tcp 172.21.0.2:6443: connect: connection refused" node="giropops-control-plane"
Jul 31 17:38:38 giropops-control-plane kubelet[253]: E0731 17:38:38.978653     253 kubelet.go:3516] "Unable to register mirror pod because node is not registered yet" err="node \"giropops-control-plane\" not found" node="giropops-control-plane"
Jul 31 17:38:39 giropops-control-plane kubelet[253]: E0731 17:38:39.072112     253 kubelet.go:3516] "Unable to register mirror pod because node is not registered yet" err="node \"giropops-control-plane\" not found" node="giropops-control-plane"
Jul 31 17:38:39 giropops-control-plane kubelet[253]: E0731 17:38:39.167176     253 kubelet.go:3516] "Unable to register mirror pod because node is not registered yet" err="node \"giropops-control-plane\" not found" node="giropops-control-plane"
Jul 31 17:38:39 giropops-control-plane kubelet[253]: E0731 17:38:39.264813     253 kubelet.go:3516] "Unable to register mirror pod because node is not registered yet" err="node \"giropops-control-plane\" not found" node="giropops-control-plane"
Jul 31 17:38:39 giropops-control-plane kubelet[253]: E0731 17:38:39.366624     253 kubelet.go:3516] "Unable to register mirror pod because node is not registered yet" err="node \"giropops-control-plane\" not found" node="giropops-control-plane"
Jul 31 17:38:39 giropops-control-plane kubelet[253]: E0731 17:38:39.529320     253 kubelet.go:3516] "Unable to register mirror pod because node is not registered yet" err="node \"giropops-control-plane\" not found" node="giropops-control-plane"
Jul 31 17:38:39 giropops-control-plane kubelet[253]: E0731 17:38:39.587060     253 kubelet.go:3516] "Unable to register mirror pod because node is not registered yet" err="node \"giropops-control-plane\" not found" node="giropops-control-plane"
Jul 31 17:38:39 giropops-control-plane kubelet[253]: E0731 17:38:39.677664     253 kubelet.go:3516] "Unable to register mirror pod because node is not registered yet" err="node \"giropops-control-plane\" not found" node="giropops-control-plane"
Jul 31 17:38:39 giropops-control-plane kubelet[253]: E0731 17:38:39.717042     253 controller.go:201] "Failed to ensure lease exists, will retry" err="Get \"https://172.21.0.2:6443/apis/coordination.k8s.io/v1/namespaces/kube-node-lease/leases/giropops-control-plane?timeout=10s\": dial tcp 172.21.0.2:6443: connect: connection refused" interval="7s"
Jul 31 17:38:39 giropops-control-plane kubelet[253]: E0731 17:38:39.773996     253 kubelet.go:3516] "Unable to register mirror pod because node is not registered yet" err="node \"giropops-control-plane\" not found" node="giropops-control-plane"
Jul 31 17:38:39 giropops-control-plane kubelet[253]: E0731 17:38:39.913076     253 kubelet.go:3516] "Unable to register mirror pod because node is not registered yet" err="node \"giropops-control-plane\" not found" node="giropops-control-plane"
Jul 31 17:38:39 giropops-control-plane kubelet[253]: E0731 17:38:39.966649     253 kubelet.go:3516] "Unable to register mirror pod because node is not registered yet" err="node \"giropops-control-plane\" not found" node="giropops-control-plane"
Jul 31 17:38:40 giropops-control-plane kubelet[253]: E0731 17:38:40.100004     253 kubelet.go:3516] "Unable to register mirror pod because node is not registered yet" err="node \"giropops-control-plane\" not found" node="giropops-control-plane"
Jul 31 17:38:40 giropops-control-plane kubelet[253]: E0731 17:38:40.194925     253 kubelet.go:3516] "Unable to register mirror pod because node is not registered yet" err="node \"giropops-control-plane\" not found" node="giropops-control-plane"
Jul 31 17:38:40 giropops-control-plane kubelet[253]: E0731 17:38:40.272423     253 kubelet.go:3516] "Unable to register mirror pod because node is not registered yet" err="node \"giropops-control-plane\" not found" node="giropops-control-plane"
Jul 31 17:38:40 giropops-control-plane kubelet[253]: E0731 17:38:40.370620     253 kubelet.go:3516] "Unable to register mirror pod because node is not registered yet" err="node \"giropops-control-plane\" not found" node="giropops-control-plane"
Jul 31 17:38:40 giropops-control-plane kubelet[253]: E0731 17:38:40.480223     253 kubelet.go:3516] "Unable to register mirror pod because node is not registered yet" err="node \"giropops-control-plane\" not found" node="giropops-control-plane"
Jul 31 17:38:40 giropops-control-plane kubelet[253]: E0731 17:38:40.641702     253 kubelet.go:3516] "Unable to register mirror pod because node is not registered yet" err="node \"giropops-control-plane\" not found" node="giropops-control-plane"
Jul 31 17:38:40 giropops-control-plane kubelet[253]: E0731 17:38:40.673260     253 kubelet.go:3516] "Unable to register mirror pod because node is not registered yet" err="node \"giropops-control-plane\" not found" node="giropops-control-plane"
Jul 31 17:38:40 giropops-control-plane kubelet[253]: E0731 17:38:40.768545     253 kubelet.go:3516] "Unable to register mirror pod because node is not registered yet" err="node \"giropops-control-plane\" not found" node="giropops-control-plane"
Jul 31 17:38:40 giropops-control-plane kubelet[253]: E0731 17:38:40.874507     253 kubelet.go:3516] "Unable to register mirror pod because node is not registered yet" err="node \"giropops-control-plane\" not found" node="giropops-control-plane"
Jul 31 17:38:41 giropops-control-plane kubelet[253]: E0731 17:38:40.997797     253 kubelet.go:3516] "Unable to register mirror pod because node is not registered yet" err="node \"giropops-control-plane\" not found" node="giropops-control-plane"
Jul 31 17:38:41 giropops-control-plane kubelet[253]: E0731 17:38:41.075548     253 kubelet.go:3516] "Unable to register mirror pod because node is not registered yet" err="node \"giropops-control-plane\" not found" node="giropops-control-plane"
Jul 31 17:38:41 giropops-control-plane kubelet[253]: E0731 17:38:41.175491     253 kubelet.go:3516] "Unable to register mirror pod because node is not registered yet" err="node \"giropops-control-plane\" not found" node="giropops-control-plane"
Jul 31 17:38:41 giropops-control-plane kubelet[253]: E0731 17:38:41.268020     253 kubelet.go:3516] "Unable to register mirror pod because node is not registered yet" err="node \"giropops-control-plane\" not found" node="giropops-control-plane"
Jul 31 17:38:41 giropops-control-plane kubelet[253]: E0731 17:38:41.325875     253 eviction_manager.go:297] "Eviction manager: failed to get summary stats" err="failed to get node info: node \"giropops-control-plane\" not found"
Jul 31 17:38:41 giropops-control-plane kubelet[253]: E0731 17:38:41.378493     253 kubelet.go:3516] "Unable to register mirror pod because node is not registered yet" err="node \"giropops-control-plane\" not found" node="giropops-control-plane"
Jul 31 17:38:41 giropops-control-plane kubelet[253]: E0731 17:38:41.478172     253 kubelet.go:3516] "Unable to register mirror pod because node is not registered yet" err="node \"giropops-control-plane\" not found" node="giropops-control-plane"
Jul 31 17:38:41 giropops-control-plane kubelet[253]: E0731 17:38:41.576414     253 kubelet.go:3516] "Unable to register mirror pod because node is not registered yet" err="node \"giropops-control-plane\" not found" node="giropops-control-plane"
Jul 31 17:38:41 giropops-control-plane kubelet[253]: E0731 17:38:41.674526     253 kubelet.go:3516] "Unable to register mirror pod because node is not registered yet" err="node \"giropops-control-plane\" not found" node="giropops-control-plane"
Jul 31 17:38:41 giropops-control-plane kubelet[253]: E0731 17:38:41.769729     253 kubelet.go:3516] "Unable to register mirror pod because node is not registered yet" err="node \"giropops-control-plane\" not found" node="giropops-control-plane"
Jul 31 17:38:41 giropops-control-plane kubelet[253]: E0731 17:38:41.897770     253 kubelet.go:3516] "Unable to register mirror pod because node is not registered yet" err="node \"giropops-control-plane\" not found" node="giropops-control-plane"
Jul 31 17:38:41 giropops-control-plane kubelet[253]: E0731 17:38:41.967594     253 kubelet.go:3516] "Unable to register mirror pod because node is not registered yet" err="node \"giropops-control-plane\" not found" node="giropops-control-plane"
Jul 31 17:38:42 giropops-control-plane kubelet[253]: E0731 17:38:42.074223     253 kubelet.go:3516] "Unable to register mirror pod because node is not registered yet" err="node \"giropops-control-plane\" not found" node="giropops-control-plane"
Jul 31 17:38:42 giropops-control-plane kubelet[253]: E0731 17:38:42.171378     253 kubelet.go:3516] "Unable to register mirror pod because node is not registered yet" err="node \"giropops-control-plane\" not found" node="giropops-control-plane"
Jul 31 17:38:42 giropops-control-plane kubelet[253]: E0731 17:38:42.275291     253 kubelet.go:3516] "Unable to register mirror pod because node is not registered yet" err="node \"giropops-control-plane\" not found" node="giropops-control-plane"
Jul 31 17:38:42 giropops-control-plane kubelet[253]: E0731 17:38:42.365617     253 kubelet.go:3516] "Unable to register mirror pod because node is not registered yet" err="node \"giropops-control-plane\" not found" node="giropops-control-plane"
Jul 31 17:38:42 giropops-control-plane kubelet[253]: E0731 17:38:42.469356     253 kubelet.go:3516] "Unable to register mirror pod because node is not registered yet" err="node \"giropops-control-plane\" not found" node="giropops-control-plane"
Jul 31 17:38:42 giropops-control-plane kubelet[253]: E0731 17:38:42.573530     253 kubelet.go:3516] "Unable to register mirror pod because node is not registered yet" err="node \"giropops-control-plane\" not found" node="giropops-control-plane"
Jul 31 17:38:42 giropops-control-plane kubelet[253]: E0731 17:38:42.694349     253 kubelet.go:3516] "Unable to register mirror pod because node is not registered yet" err="node \"giropops-control-plane\" not found" node="giropops-control-plane"
Jul 31 17:38:42 giropops-control-plane kubelet[253]: E0731 17:38:42.771465     253 kubelet.go:3516] "Unable to register mirror pod because node is not registered yet" err="node \"giropops-control-plane\" not found" node="giropops-control-plane"
Jul 31 17:38:42 giropops-control-plane kubelet[253]: E0731 17:38:42.901758     253 kubelet.go:3516] "Unable to register mirror pod because node is not registered yet" err="node \"giropops-control-plane\" not found" node="giropops-control-plane"
Jul 31 17:38:43 giropops-control-plane kubelet[253]: E0731 17:38:43.002723     253 kubelet.go:3516] "Unable to register mirror pod because node is not registered yet" err="node \"giropops-control-plane\" not found" node="giropops-control-plane"
Jul 31 17:38:43 giropops-control-plane kubelet[253]: E0731 17:38:43.112086     253 kubelet.go:3516] "Unable to register mirror pod because node is not registered yet" err="node \"giropops-control-plane\" not found" node="giropops-control-plane"
Jul 31 17:38:43 giropops-control-plane kubelet[253]: E0731 17:38:43.164252     253 kubelet.go:3516] "Unable to register mirror pod because node is not registered yet" err="node \"giropops-control-plane\" not found" node="giropops-control-plane"
Jul 31 17:38:43 giropops-control-plane kubelet[253]: E0731 17:38:43.309719     253 kubelet.go:3516] "Unable to register mirror pod because node is not registered yet" err="node \"giropops-control-plane\" not found" node="giropops-control-plane"
Jul 31 17:38:43 giropops-control-plane kubelet[253]: E0731 17:38:43.644771     253 kubelet.go:3516] "Unable to register mirror pod because node is not registered yet" err="node \"giropops-control-plane\" not found" node="giropops-control-plane"
Jul 31 17:38:43 giropops-control-plane kubelet[253]: E0731 17:38:43.644809     253 kubelet.go:3516] "Unable to register mirror pod because node is not registered yet" err="node \"giropops-control-plane\" not found" node="giropops-control-plane"
Jul 31 17:38:43 giropops-control-plane kubelet[253]: E0731 17:38:43.679686     253 kubelet.go:3516] "Unable to register mirror pod because node is not registered yet" err="node \"giropops-control-plane\" not found" node="giropops-control-plane"
Jul 31 17:38:43 giropops-control-plane kubelet[253]: E0731 17:38:43.773065     253 kubelet.go:3516] "Unable to register mirror pod because node is not registered yet" err="node \"giropops-control-plane\" not found" node="giropops-control-plane"
Jul 31 17:38:43 giropops-control-plane kubelet[253]: E0731 17:38:43.870513     253 kubelet.go:3516] "Unable to register mirror pod because node is not registered yet" err="node \"giropops-control-plane\" not found" node="giropops-control-plane"
Jul 31 17:38:43 giropops-control-plane kubelet[253]: E0731 17:38:43.983620     253 kubelet.go:3516] "Unable to register mirror pod because node is not registered yet" err="node \"giropops-control-plane\" not found" node="giropops-control-plane"
Jul 31 17:38:44 giropops-control-plane kubelet[253]: E0731 17:38:44.074676     253 kubelet.go:3516] "Unable to register mirror pod because node is not registered yet" err="node \"giropops-control-plane\" not found" node="giropops-control-plane"
Jul 31 17:38:44 giropops-control-plane kubelet[253]: E0731 17:38:44.187608     253 kubelet.go:3516] "Unable to register mirror pod because node is not registered yet" err="node \"giropops-control-plane\" not found" node="giropops-control-plane"
Jul 31 17:38:44 giropops-control-plane kubelet[253]: E0731 17:38:44.275013     253 kubelet.go:3516] "Unable to register mirror pod because node is not registered yet" err="node \"giropops-control-plane\" not found" node="giropops-control-plane"
Jul 31 17:38:44 giropops-control-plane kubelet[253]: E0731 17:38:44.393392     253 kubelet.go:3516] "Unable to register mirror pod because node is not registered yet" err="node \"giropops-control-plane\" not found" node="giropops-control-plane"
Jul 31 17:38:44 giropops-control-plane kubelet[253]: E0731 17:38:44.471082     253 kubelet.go:3516] "Unable to register mirror pod because node is not registered yet" err="node \"giropops-control-plane\" not found" node="giropops-control-plane"
Jul 31 17:38:44 giropops-control-plane kubelet[253]: E0731 17:38:44.565507     253 event.go:368] "Unable to write event (may retry after sleeping)" err="Post \"https://172.21.0.2:6443/api/v1/namespaces/default/events\": dial tcp 172.21.0.2:6443: connect: connection refused" event="&Event{ObjectMeta:{giropops-control-plane.18c77083120e9e56  default    0 0001-01-01 00:00:00 +0000 UTC <nil> <nil> map[] map[] [] [] []},InvolvedObject:ObjectReference{Kind:Node,Namespace:,Name:giropops-control-plane,UID:,APIVersion:v1,ResourceVersion:,FieldPath:,},Reason:Starting,Message:Starting kubelet.,Source:EventSource{Component:kubelet,Host:giropops-control-plane,},FirstTimestamp:2026-07-31 17:38:05.521665622 +0000 UTC m=+5.221008999,LastTimestamp:2026-07-31 17:38:05.521665622 +0000 UTC m=+5.221008999,Count:1,Type:Normal,EventTime:0001-01-01 00:00:00 +0000 UTC,Series:nil,Action:,Related:nil,ReportingController:kubelet,ReportingInstance:giropops-control-plane,}"
Jul 31 17:38:44 giropops-control-plane kubelet[253]: E0731 17:38:44.591021     253 kubelet.go:3516] "Unable to register mirror pod because node is not registered yet" err="node \"giropops-control-plane\" not found" node="giropops-control-plane"
Jul 31 17:38:44 giropops-control-plane kubelet[253]: E0731 17:38:44.672439     253 kubelet.go:3516] "Unable to register mirror pod because node is not registered yet" err="node \"giropops-control-plane\" not found" node="giropops-control-plane"
Jul 31 17:38:44 giropops-control-plane kubelet[253]: E0731 17:38:44.771043     253 kubelet.go:3516] "Unable to register mirror pod because node is not registered yet" err="node \"giropops-control-plane\" not found" node="giropops-control-plane"
Jul 31 17:38:44 giropops-control-plane kubelet[253]: E0731 17:38:44.911890     253 kubelet.go:3516] "Unable to register mirror pod because node is not registered yet" err="node \"giropops-control-plane\" not found" node="giropops-control-plane"
Jul 31 17:38:44 giropops-control-plane kubelet[253]: E0731 17:38:44.986593     253 kubelet.go:3516] "Unable to register mirror pod because node is not registered yet" err="node \"giropops-control-plane\" not found" node="giropops-control-plane"
Jul 31 17:38:45 giropops-control-plane kubelet[253]: E0731 17:38:45.069166     253 kubelet.go:3516] "Unable to register mirror pod because node is not registered yet" err="node \"giropops-control-plane\" not found" node="giropops-control-plane"
Jul 31 17:38:45 giropops-control-plane kubelet[253]: E0731 17:38:45.192701     253 kubelet.go:3516] "Unable to register mirror pod because node is not registered yet" err="node \"giropops-control-plane\" not found" node="giropops-control-plane"
Jul 31 17:38:45 giropops-control-plane kubelet[253]: E0731 17:38:45.272560     253 kubelet.go:3516] "Unable to register mirror pod because node is not registered yet" err="node \"giropops-control-plane\" not found" node="giropops-control-plane"
Jul 31 17:38:45 giropops-control-plane kubelet[253]: E0731 17:38:45.364346     253 kubelet.go:3516] "Unable to register mirror pod because node is not registered yet" err="node \"giropops-control-plane\" not found" node="giropops-control-plane"
Jul 31 17:38:45 giropops-control-plane kubelet[253]: E0731 17:38:45.479517     253 kubelet.go:3516] "Unable to register mirror pod because node is not registered yet" err="node \"giropops-control-plane\" not found" node="giropops-control-plane"
Jul 31 17:38:45 giropops-control-plane kubelet[253]: E0731 17:38:45.571517     253 kubelet.go:3516] "Unable to register mirror pod because node is not registered yet" err="node \"giropops-control-plane\" not found" node="giropops-control-plane"
Jul 31 17:38:45 giropops-control-plane kubelet[253]: E0731 17:38:45.665579     253 kubelet.go:3516] "Unable to register mirror pod because node is not registered yet" err="node \"giropops-control-plane\" not found" node="giropops-control-plane"
Jul 31 17:38:45 giropops-control-plane kubelet[253]: E0731 17:38:45.773759     253 kubelet.go:3516] "Unable to register mirror pod because node is not registered yet" err="node \"giropops-control-plane\" not found" node="giropops-control-plane"
Jul 31 17:38:45 giropops-control-plane kubelet[253]: E0731 17:38:45.872235     253 kubelet.go:3516] "Unable to register mirror pod because node is not registered yet" err="node \"giropops-control-plane\" not found" node="giropops-control-plane"
Jul 31 17:38:45 giropops-control-plane kubelet[253]: E0731 17:38:45.965520     253 kubelet.go:3516] "Unable to register mirror pod because node is not registered yet" err="node \"giropops-control-plane\" not found" node="giropops-control-plane"
Jul 31 17:38:46 giropops-control-plane kubelet[253]: I0731 17:38:46.065035     253 kubelet_node_status.go:75] "Attempting to register node" node="giropops-control-plane"
Jul 31 17:38:46 giropops-control-plane kubelet[253]: E0731 17:38:46.065337     253 kubelet_node_status.go:108] "Unable to register node with API server" err="Post \"https://172.21.0.2:6443/api/v1/nodes\": dial tcp 172.21.0.2:6443: connect: connection refused" node="giropops-control-plane"
Jul 31 17:38:46 giropops-control-plane kubelet[253]: E0731 17:38:46.104348     253 kubelet.go:3516] "Unable to register mirror pod because node is not registered yet" err="node \"giropops-control-plane\" not found" node="giropops-control-plane"
Jul 31 17:38:46 giropops-control-plane kubelet[253]: E0731 17:38:46.174868     253 kubelet.go:3516] "Unable to register mirror pod because node is not registered yet" err="node \"giropops-control-plane\" not found" node="giropops-control-plane"
Jul 31 17:38:46 giropops-control-plane kubelet[253]: E0731 17:38:46.276251     253 kubelet.go:3516] "Unable to register mirror pod because node is not registered yet" err="node \"giropops-control-plane\" not found" node="giropops-control-plane"
Jul 31 17:38:46 giropops-control-plane kubelet[253]: E0731 17:38:46.364556     253 kubelet.go:3516] "Unable to register mirror pod because node is not registered yet" err="node \"giropops-control-plane\" not found" node="giropops-control-plane"
Jul 31 17:38:46 giropops-control-plane kubelet[253]: E0731 17:38:46.484957     253 kubelet.go:3516] "Unable to register mirror pod because node is not registered yet" err="node \"giropops-control-plane\" not found" node="giropops-control-plane"
Jul 31 17:38:46 giropops-control-plane kubelet[253]: E0731 17:38:46.578955     253 kubelet.go:3516] "Unable to register mirror pod because node is not registered yet" err="node \"giropops-control-plane\" not found" node="giropops-control-plane"
Jul 31 17:38:46 giropops-control-plane kubelet[253]: E0731 17:38:46.672926     253 kubelet.go:3516] "Unable to register mirror pod because node is not registered yet" err="node \"giropops-control-plane\" not found" node="giropops-control-plane"
Jul 31 17:38:46 giropops-control-plane kubelet[253]: E0731 17:38:46.763794     253 controller.go:201] "Failed to ensure lease exists, will retry" err="Get \"https://172.21.0.2:6443/apis/coordination.k8s.io/v1/namespaces/kube-node-lease/leases/giropops-control-plane?timeout=10s\": dial tcp 172.21.0.2:6443: connect: connection refused" interval="7s"
Jul 31 17:38:46 giropops-control-plane kubelet[253]: E0731 17:38:46.792739     253 kubelet.go:3516] "Unable to register mirror pod because node is not registered yet" err="node \"giropops-control-plane\" not found" node="giropops-control-plane"
Jul 31 17:38:46 giropops-control-plane kubelet[253]: E0731 17:38:46.871814     253 kubelet.go:3516] "Unable to register mirror pod because node is not registered yet" err="node \"giropops-control-plane\" not found" node="giropops-control-plane"
Jul 31 17:38:47 giropops-control-plane kubelet[253]: E0731 17:38:46.988921     253 kubelet.go:3516] "Unable to register mirror pod because node is not registered yet" err="node \"giropops-control-plane\" not found" node="giropops-control-plane"
Jul 31 17:38:47 giropops-control-plane kubelet[253]: E0731 17:38:47.070983     253 kubelet.go:3516] "Unable to register mirror pod because node is not registered yet" err="node \"giropops-control-plane\" not found" node="giropops-control-plane"
Jul 31 17:38:47 giropops-control-plane kubelet[253]: E0731 17:38:47.172810     253 kubelet.go:3516] "Unable to register mirror pod because node is not registered yet" err="node \"giropops-control-plane\" not found" node="giropops-control-plane"
Jul 31 17:38:47 giropops-control-plane kubelet[253]: E0731 17:38:47.276823     253 kubelet.go:3516] "Unable to register mirror pod because node is not registered yet" err="node \"giropops-control-plane\" not found" node="giropops-control-plane"
Jul 31 17:38:47 giropops-control-plane kubelet[253]: E0731 17:38:47.383368     253 kubelet.go:3516] "Unable to register mirror pod because node is not registered yet" err="node \"giropops-control-plane\" not found" node="giropops-control-plane"
Jul 31 17:38:47 giropops-control-plane kubelet[253]: E0731 17:38:47.475971     253 kubelet.go:3516] "Unable to register mirror pod because node is not registered yet" err="node \"giropops-control-plane\" not found" node="giropops-control-plane"
Jul 31 17:38:47 giropops-control-plane kubelet[253]: E0731 17:38:47.579275     253 kubelet.go:3516] "Unable to register mirror pod because node is not registered yet" err="node \"giropops-control-plane\" not found" node="giropops-control-plane"
Jul 31 17:38:47 giropops-control-plane kubelet[253]: E0731 17:38:47.701691     253 kubelet.go:3516] "Unable to register mirror pod because node is not registered yet" err="node \"giropops-control-plane\" not found" node="giropops-control-plane"
Jul 31 17:38:47 giropops-control-plane kubelet[253]: E0731 17:38:47.770773     253 kubelet.go:3516] "Unable to register mirror pod because node is not registered yet" err="node \"giropops-control-plane\" not found" node="giropops-control-plane"
Jul 31 17:38:47 giropops-control-plane kubelet[253]: E0731 17:38:47.865552     253 kubelet.go:3516] "Unable to register mirror pod because node is not registered yet" err="node \"giropops-control-plane\" not found" node="giropops-control-plane"
Jul 31 17:38:47 giropops-control-plane kubelet[253]: E0731 17:38:47.968066     253 kubelet.go:3516] "Unable to register mirror pod because node is not registered yet" err="node \"giropops-control-plane\" not found" node="giropops-control-plane"
Jul 31 17:38:48 giropops-control-plane kubelet[253]: E0731 17:38:48.072273     253 kubelet.go:3516] "Unable to register mirror pod because node is not registered yet" err="node \"giropops-control-plane\" not found" node="giropops-control-plane"
Jul 31 17:38:48 giropops-control-plane kubelet[253]: E0731 17:38:48.164716     253 kubelet.go:3516] "Unable to register mirror pod because node is not registered yet" err="node \"giropops-control-plane\" not found" node="giropops-control-plane"
Jul 31 17:38:48 giropops-control-plane kubelet[253]: E0731 17:38:48.273961     253 kubelet.go:3516] "Unable to register mirror pod because node is not registered yet" err="node \"giropops-control-plane\" not found" node="giropops-control-plane"
Jul 31 17:38:48 giropops-control-plane kubelet[253]: E0731 17:38:48.381026     253 kubelet.go:3516] "Unable to register mirror pod because node is not registered yet" err="node \"giropops-control-plane\" not found" node="giropops-control-plane"
Jul 31 17:38:48 giropops-control-plane kubelet[253]: E0731 17:38:48.467950     253 kubelet.go:3516] "Unable to register mirror pod because node is not registered yet" err="node \"giropops-control-plane\" not found" node="giropops-control-plane"
Jul 31 17:38:48 giropops-control-plane kubelet[253]: E0731 17:38:48.616089     253 kubelet.go:3516] "Unable to register mirror pod because node is not registered yet" err="node \"giropops-control-plane\" not found" node="giropops-control-plane"
Jul 31 17:38:48 giropops-control-plane kubelet[253]: E0731 17:38:48.697857     253 kubelet.go:3516] "Unable to register mirror pod because node is not registered yet" err="node \"giropops-control-plane\" not found" node="giropops-control-plane"
Jul 31 17:38:48 giropops-control-plane kubelet[253]: E0731 17:38:48.777417     253 kubelet.go:3516] "Unable to register mirror pod because node is not registered yet" err="node \"giropops-control-plane\" not found" node="giropops-control-plane"
Jul 31 17:38:48 giropops-control-plane kubelet[253]: E0731 17:38:48.903052     253 kubelet.go:3516] "Unable to register mirror pod because node is not registered yet" err="node \"giropops-control-plane\" not found" node="giropops-control-plane"
Jul 31 17:38:48 giropops-control-plane kubelet[253]: E0731 17:38:48.970635     253 kubelet.go:3516] "Unable to register mirror pod because node is not registered yet" err="node \"giropops-control-plane\" not found" node="giropops-control-plane"
Jul 31 17:38:49 giropops-control-plane kubelet[253]: E0731 17:38:49.101046     253 kubelet.go:3516] "Unable to register mirror pod because node is not registered yet" err="node \"giropops-control-plane\" not found" node="giropops-control-plane"
Jul 31 17:38:49 giropops-control-plane kubelet[253]: E0731 17:38:49.165604     253 kubelet.go:3516] "Unable to register mirror pod because node is not registered yet" err="node \"giropops-control-plane\" not found" node="giropops-control-plane"
Jul 31 17:38:49 giropops-control-plane kubelet[253]: E0731 17:38:49.265719     253 kubelet.go:3516] "Unable to register mirror pod because node is not registered yet" err="node \"giropops-control-plane\" not found" node="giropops-control-plane"
Jul 31 17:38:49 giropops-control-plane kubelet[253]: E0731 17:38:49.369885     253 kubelet.go:3516] "Unable to register mirror pod because node is not registered yet" err="node \"giropops-control-plane\" not found" node="giropops-control-plane"
Jul 31 17:38:49 giropops-control-plane kubelet[253]: E0731 17:38:49.468220     253 kubelet.go:3516] "Unable to register mirror pod because node is not registered yet" err="node \"giropops-control-plane\" not found" node="giropops-control-plane"
Jul 31 17:38:49 giropops-control-plane kubelet[253]: E0731 17:38:49.583713     253 kubelet.go:3516] "Unable to register mirror pod because node is not registered yet" err="node \"giropops-control-plane\" not found" node="giropops-control-plane"
Jul 31 17:38:49 giropops-control-plane kubelet[253]: E0731 17:38:49.668055     253 kubelet.go:3516] "Unable to register mirror pod because node is not registered yet" err="node \"giropops-control-plane\" not found" node="giropops-control-plane"
Jul 31 17:38:49 giropops-control-plane kubelet[253]: E0731 17:38:49.779722     253 kubelet.go:3516] "Unable to register mirror pod because node is not registered yet" err="node \"giropops-control-plane\" not found" node="giropops-control-plane"
Jul 31 17:38:49 giropops-control-plane kubelet[253]: E0731 17:38:49.867216     253 kubelet.go:3516] "Unable to register mirror pod because node is not registered yet" err="node \"giropops-control-plane\" not found" node="giropops-control-plane"
Jul 31 17:38:49 giropops-control-plane kubelet[253]: E0731 17:38:49.970330     253 kubelet.go:3516] "Unable to register mirror pod because node is not registered yet" err="node \"giropops-control-plane\" not found" node="giropops-control-plane"
Jul 31 17:38:50 giropops-control-plane kubelet[253]: E0731 17:38:50.072565     253 kubelet.go:3516] "Unable to register mirror pod because node is not registered yet" err="node \"giropops-control-plane\" not found" node="giropops-control-plane"
Jul 31 17:38:50 giropops-control-plane kubelet[253]: E0731 17:38:50.190652     253 kubelet.go:3516] "Unable to register mirror pod because node is not registered yet" err="node \"giropops-control-plane\" not found" node="giropops-control-plane"
Jul 31 17:38:50 giropops-control-plane kubelet[253]: E0731 17:38:50.270768     253 kubelet.go:3516] "Unable to register mirror pod because node is not registered yet" err="node \"giropops-control-plane\" not found" node="giropops-control-plane"
Jul 31 17:38:50 giropops-control-plane kubelet[253]: E0731 17:38:50.389828     253 kubelet.go:3516] "Unable to register mirror pod because node is not registered yet" err="node \"giropops-control-plane\" not found" node="giropops-control-plane"
Jul 31 17:38:50 giropops-control-plane kubelet[253]: E0731 17:38:50.475260     253 kubelet.go:3516] "Unable to register mirror pod because node is not registered yet" err="node \"giropops-control-plane\" not found" node="giropops-control-plane"
Jul 31 17:38:50 giropops-control-plane kubelet[253]: E0731 17:38:50.575756     253 kubelet.go:3516] "Unable to register mirror pod because node is not registered yet" err="node \"giropops-control-plane\" not found" node="giropops-control-plane"
Jul 31 17:38:50 giropops-control-plane kubelet[253]: E0731 17:38:50.675236     253 kubelet.go:3516] "Unable to register mirror pod because node is not registered yet" err="node \"giropops-control-plane\" not found" node="giropops-control-plane"
Jul 31 17:38:50 giropops-control-plane kubelet[253]: E0731 17:38:50.778044     253 kubelet.go:3516] "Unable to register mirror pod because node is not registered yet" err="node \"giropops-control-plane\" not found" node="giropops-control-plane"
Jul 31 17:38:50 giropops-control-plane kubelet[253]: E0731 17:38:50.886679     253 kubelet.go:3516] "Unable to register mirror pod because node is not registered yet" err="node \"giropops-control-plane\" not found" node="giropops-control-plane"
Jul 31 17:38:51 giropops-control-plane kubelet[253]: E0731 17:38:50.982478     253 kubelet.go:3516] "Unable to register mirror pod because node is not registered yet" err="node \"giropops-control-plane\" not found" node="giropops-control-plane"
Jul 31 17:38:51 giropops-control-plane kubelet[253]: E0731 17:38:51.071337     253 kubelet.go:3516] "Unable to register mirror pod because node is not registered yet" err="node \"giropops-control-plane\" not found" node="giropops-control-plane"
Jul 31 17:38:51 giropops-control-plane kubelet[253]: E0731 17:38:51.172775     253 kubelet.go:3516] "Unable to register mirror pod because node is not registered yet" err="node \"giropops-control-plane\" not found" node="giropops-control-plane"
Jul 31 17:38:51 giropops-control-plane kubelet[253]: E0731 17:38:51.276365     253 kubelet.go:3516] "Unable to register mirror pod because node is not registered yet" err="node \"giropops-control-plane\" not found" node="giropops-control-plane"
Jul 31 17:38:51 giropops-control-plane kubelet[253]: E0731 17:38:51.421157     253 kubelet.go:3516] "Unable to register mirror pod because node is not registered yet" err="node \"giropops-control-plane\" not found" node="giropops-control-plane"
Jul 31 17:38:51 giropops-control-plane kubelet[253]: E0731 17:38:51.425600     253 eviction_manager.go:297] "Eviction manager: failed to get summary stats" err="failed to get node info: node \"giropops-control-plane\" not found"
Jul 31 17:38:51 giropops-control-plane kubelet[253]: E0731 17:38:51.493977     253 kubelet.go:3516] "Unable to register mirror pod because node is not registered yet" err="node \"giropops-control-plane\" not found" node="giropops-control-plane"
Jul 31 17:38:51 giropops-control-plane kubelet[253]: E0731 17:38:51.569124     253 kubelet.go:3516] "Unable to register mirror pod because node is not registered yet" err="node \"giropops-control-plane\" not found" node="giropops-control-plane"
Jul 31 17:38:51 giropops-control-plane kubelet[253]: E0731 17:38:51.692279     253 kubelet.go:3516] "Unable to register mirror pod because node is not registered yet" err="node \"giropops-control-plane\" not found" node="giropops-control-plane"
Jul 31 17:38:51 giropops-control-plane kubelet[253]: E0731 17:38:51.781139     253 kubelet.go:3516] "Unable to register mirror pod because node is not registered yet" err="node \"giropops-control-plane\" not found" node="giropops-control-plane"
Jul 31 17:38:51 giropops-control-plane kubelet[253]: E0731 17:38:51.865869     253 kubelet.go:3516] "Unable to register mirror pod because node is not registered yet" err="node \"giropops-control-plane\" not found" node="giropops-control-plane"
Jul 31 17:38:51 giropops-control-plane kubelet[253]: E0731 17:38:51.966724     253 kubelet.go:3516] "Unable to register mirror pod because node is not registered yet" err="node \"giropops-control-plane\" not found" node="giropops-control-plane"
Jul 31 17:38:52 giropops-control-plane kubelet[253]: E0731 17:38:52.073845     253 kubelet.go:3516] "Unable to register mirror pod because node is not registered yet" err="node \"giropops-control-plane\" not found" node="giropops-control-plane"
Jul 31 17:38:52 giropops-control-plane kubelet[253]: E0731 17:38:52.178587     253 kubelet.go:3516] "Unable to register mirror pod because node is not registered yet" err="node \"giropops-control-plane\" not found" node="giropops-control-plane"
Jul 31 17:38:52 giropops-control-plane kubelet[253]: E0731 17:38:52.292402     253 kubelet.go:3516] "Unable to register mirror pod because node is not registered yet" err="node \"giropops-control-plane\" not found" node="giropops-control-plane"
Jul 31 17:38:52 giropops-control-plane kubelet[253]: E0731 17:38:52.385244     253 kubelet.go:3516] "Unable to register mirror pod because node is not registered yet" err="node \"giropops-control-plane\" not found" node="giropops-control-plane"
Jul 31 17:38:52 giropops-control-plane kubelet[253]: E0731 17:38:52.483657     253 kubelet.go:3516] "Unable to register mirror pod because node is not registered yet" err="node \"giropops-control-plane\" not found" node="giropops-control-plane"
Jul 31 17:38:52 giropops-control-plane kubelet[253]: E0731 17:38:52.575821     253 kubelet.go:3516] "Unable to register mirror pod because node is not registered yet" err="node \"giropops-control-plane\" not found" node="giropops-control-plane"
Jul 31 17:38:52 giropops-control-plane kubelet[253]: E0731 17:38:52.685751     253 kubelet.go:3516] "Unable to register mirror pod because node is not registered yet" err="node \"giropops-control-plane\" not found" node="giropops-control-plane"
Jul 31 17:38:52 giropops-control-plane kubelet[253]: E0731 17:38:52.767383     253 kubelet.go:3516] "Unable to register mirror pod because node is not registered yet" err="node \"giropops-control-plane\" not found" node="giropops-control-plane"
Jul 31 17:38:52 giropops-control-plane kubelet[253]: E0731 17:38:52.906374     253 kubelet.go:3516] "Unable to register mirror pod because node is not registered yet" err="node \"giropops-control-plane\" not found" node="giropops-control-plane"
Jul 31 17:38:52 giropops-control-plane kubelet[253]: E0731 17:38:52.981419     253 kubelet.go:3516] "Unable to register mirror pod because node is not registered yet" err="node \"giropops-control-plane\" not found" node="giropops-control-plane"
Jul 31 17:38:53 giropops-control-plane kubelet[253]: E0731 17:38:53.098027     253 kubelet.go:3516] "Unable to register mirror pod because node is not registered yet" err="node \"giropops-control-plane\" not found" node="giropops-control-plane"
Jul 31 17:38:53 giropops-control-plane kubelet[253]: I0731 17:38:53.125638     253 kubelet_node_status.go:75] "Attempting to register node" node="giropops-control-plane"
Jul 31 17:38:53 giropops-control-plane kubelet[253]: E0731 17:38:53.148328     253 kubelet_node_status.go:108] "Unable to register node with API server" err="Post \"https://172.21.0.2:6443/api/v1/nodes\": dial tcp 172.21.0.2:6443: connect: connection refused" node="giropops-control-plane"
Jul 31 17:38:53 giropops-control-plane kubelet[253]: E0731 17:38:53.171857     253 kubelet.go:3516] "Unable to register mirror pod because node is not registered yet" err="node \"giropops-control-plane\" not found" node="giropops-control-plane"
Jul 31 17:38:53 giropops-control-plane kubelet[253]: E0731 17:38:53.308346     253 kubelet.go:3516] "Unable to register mirror pod because node is not registered yet" err="node \"giropops-control-plane\" not found" node="giropops-control-plane"
Jul 31 17:38:53 giropops-control-plane kubelet[253]: E0731 17:38:53.370068     253 kubelet.go:3516] "Unable to register mirror pod because node is not registered yet" err="node \"giropops-control-plane\" not found" node="giropops-control-plane"
Jul 31 17:38:53 giropops-control-plane kubelet[253]: E0731 17:38:53.477934     253 kubelet.go:3516] "Unable to register mirror pod because node is not registered yet" err="node \"giropops-control-plane\" not found" node="giropops-control-plane"
Jul 31 17:38:53 giropops-control-plane kubelet[253]: E0731 17:38:53.568384     253 kubelet.go:3516] "Unable to register mirror pod because node is not registered yet" err="node \"giropops-control-plane\" not found" node="giropops-control-plane"
Jul 31 17:38:53 giropops-control-plane kubelet[253]: E0731 17:38:53.664939     253 kubelet.go:3516] "Unable to register mirror pod because node is not registered yet" err="node \"giropops-control-plane\" not found" node="giropops-control-plane"
Jul 31 17:38:53 giropops-control-plane kubelet[253]: E0731 17:38:53.825821     253 kubelet.go:3516] "Unable to register mirror pod because node is not registered yet" err="node \"giropops-control-plane\" not found" node="giropops-control-plane"
Jul 31 17:38:53 giropops-control-plane kubelet[253]: E0731 17:38:53.881274     253 kubelet.go:3516] "Unable to register mirror pod because node is not registered yet" err="node \"giropops-control-plane\" not found" node="giropops-control-plane"
Jul 31 17:38:53 giropops-control-plane kubelet[253]: E0731 17:38:53.933010     253 controller.go:201] "Failed to ensure lease exists, will retry" err="Get \"https://172.21.0.2:6443/apis/coordination.k8s.io/v1/namespaces/kube-node-lease/leases/giropops-control-plane?timeout=10s\": dial tcp 172.21.0.2:6443: connect: connection refused" interval="7s"
Jul 31 17:38:54 giropops-control-plane kubelet[253]: E0731 17:38:54.027759     253 kubelet.go:3516] "Unable to register mirror pod because node is not registered yet" err="node \"giropops-control-plane\" not found" node="giropops-control-plane"
Jul 31 17:38:54 giropops-control-plane kubelet[253]: E0731 17:38:54.080049     253 kubelet.go:3516] "Unable to register mirror pod because node is not registered yet" err="node \"giropops-control-plane\" not found" node="giropops-control-plane"
Jul 31 17:38:54 giropops-control-plane kubelet[253]: E0731 17:38:54.174850     253 kubelet.go:3516] "Unable to register mirror pod because node is not registered yet" err="node \"giropops-control-plane\" not found" node="giropops-control-plane"
Jul 31 17:38:54 giropops-control-plane kubelet[253]: E0731 17:38:54.276584     253 kubelet.go:3516] "Unable to register mirror pod because node is not registered yet" err="node \"giropops-control-plane\" not found" node="giropops-control-plane"
Jul 31 17:38:54 giropops-control-plane kubelet[253]: E0731 17:38:54.366065     253 kubelet.go:3516] "Unable to register mirror pod because node is not registered yet" err="node \"giropops-control-plane\" not found" node="giropops-control-plane"
Jul 31 17:38:54 giropops-control-plane kubelet[253]: E0731 17:38:54.468178     253 kubelet.go:3516] "Unable to register mirror pod because node is not registered yet" err="node \"giropops-control-plane\" not found" node="giropops-control-plane"
Jul 31 17:38:54 giropops-control-plane kubelet[253]: E0731 17:38:54.569600     253 kubelet.go:3516] "Unable to register mirror pod because node is not registered yet" err="node \"giropops-control-plane\" not found" node="giropops-control-plane"
Jul 31 17:38:54 giropops-control-plane kubelet[253]: E0731 17:38:54.572930     253 event.go:368] "Unable to write event (may retry after sleeping)" err="Post \"https://172.21.0.2:6443/api/v1/namespaces/default/events\": dial tcp 172.21.0.2:6443: connect: connection refused" event="&Event{ObjectMeta:{giropops-control-plane.18c77083120e9e56  default    0 0001-01-01 00:00:00 +0000 UTC <nil> <nil> map[] map[] [] [] []},InvolvedObject:ObjectReference{Kind:Node,Namespace:,Name:giropops-control-plane,UID:,APIVersion:v1,ResourceVersion:,FieldPath:,},Reason:Starting,Message:Starting kubelet.,Source:EventSource{Component:kubelet,Host:giropops-control-plane,},FirstTimestamp:2026-07-31 17:38:05.521665622 +0000 UTC m=+5.221008999,LastTimestamp:2026-07-31 17:38:05.521665622 +0000 UTC m=+5.221008999,Count:1,Type:Normal,EventTime:0001-01-01 00:00:00 +0000 UTC,Series:nil,Action:,Related:nil,ReportingController:kubelet,ReportingInstance:giropops-control-plane,}"
Jul 31 17:38:54 giropops-control-plane kubelet[253]: E0731 17:38:54.672447     253 kubelet.go:3516] "Unable to register mirror pod because node is not registered yet" err="node \"giropops-control-plane\" not found" node="giropops-control-plane"
Jul 31 17:38:54 giropops-control-plane kubelet[253]: E0731 17:38:54.770930     253 kubelet.go:3516] "Unable to register mirror pod because node is not registered yet" err="node \"giropops-control-plane\" not found" node="giropops-control-plane"
Jul 31 17:38:54 giropops-control-plane kubelet[253]: E0731 17:38:54.881206     253 kubelet.go:3516] "Unable to register mirror pod because node is not registered yet" err="node \"giropops-control-plane\" not found" node="giropops-control-plane"
Jul 31 17:38:54 giropops-control-plane kubelet[253]: E0731 17:38:54.967579     253 kubelet.go:3516] "Unable to register mirror pod because node is not registered yet" err="node \"giropops-control-plane\" not found" node="giropops-control-plane"
Jul 31 17:38:55 giropops-control-plane kubelet[253]: E0731 17:38:55.086507     253 kubelet.go:3516] "Unable to register mirror pod because node is not registered yet" err="node \"giropops-control-plane\" not found" node="giropops-control-plane"
Jul 31 17:38:55 giropops-control-plane kubelet[253]: E0731 17:38:55.173434     253 kubelet.go:3516] "Unable to register mirror pod because node is not registered yet" err="node \"giropops-control-plane\" not found" node="giropops-control-plane"
Jul 31 17:38:55 giropops-control-plane kubelet[253]: E0731 17:38:55.268747     253 kubelet.go:3516] "Unable to register mirror pod because node is not registered yet" err="node \"giropops-control-plane\" not found" node="giropops-control-plane"
Jul 31 17:38:55 giropops-control-plane kubelet[253]: E0731 17:38:55.439665     253 kubelet.go:3516] "Unable to register mirror pod because node is not registered yet" err="node \"giropops-control-plane\" not found" node="giropops-control-plane"
Jul 31 17:38:55 giropops-control-plane kubelet[253]: E0731 17:38:55.499206     253 kubelet.go:3516] "Unable to register mirror pod because node is not registered yet" err="node \"giropops-control-plane\" not found" node="giropops-control-plane"
Jul 31 17:38:55 giropops-control-plane kubelet[253]: E0731 17:38:55.571225     253 kubelet.go:3516] "Unable to register mirror pod because node is not registered yet" err="node \"giropops-control-plane\" not found" node="giropops-control-plane"
Jul 31 17:38:55 giropops-control-plane kubelet[253]: E0731 17:38:55.673516     253 kubelet.go:3516] "Unable to register mirror pod because node is not registered yet" err="node \"giropops-control-plane\" not found" node="giropops-control-plane"
Jul 31 17:38:55 giropops-control-plane kubelet[253]: E0731 17:38:55.797418     253 kubelet.go:3516] "Unable to register mirror pod because node is not registered yet" err="node \"giropops-control-plane\" not found" node="giropops-control-plane"
Jul 31 17:38:55 giropops-control-plane kubelet[253]: E0731 17:38:55.875942     253 kubelet.go:3516] "Unable to register mirror pod because node is not registered yet" err="node \"giropops-control-plane\" not found" node="giropops-control-plane"
Jul 31 17:38:55 giropops-control-plane kubelet[253]: E0731 17:38:55.970656     253 kubelet.go:3516] "Unable to register mirror pod because node is not registered yet" err="node \"giropops-control-plane\" not found" node="giropops-control-plane"
Jul 31 17:38:56 giropops-control-plane kubelet[253]: E0731 17:38:56.096895     253 kubelet.go:3516] "Unable to register mirror pod because node is not registered yet" err="node \"giropops-control-plane\" not found" node="giropops-control-plane"
Jul 31 17:38:56 giropops-control-plane kubelet[253]: E0731 17:38:56.170131     253 kubelet.go:3516] "Unable to register mirror pod because node is not registered yet" err="node \"giropops-control-plane\" not found" node="giropops-control-plane"
Jul 31 17:38:56 giropops-control-plane kubelet[253]: E0731 17:38:56.273449     253 kubelet.go:3516] "Unable to register mirror pod because node is not registered yet" err="node \"giropops-control-plane\" not found" node="giropops-control-plane"
Jul 31 17:38:56 giropops-control-plane kubelet[253]: E0731 17:38:56.366603     253 kubelet.go:3516] "Unable to register mirror pod because node is not registered yet" err="node \"giropops-control-plane\" not found" node="giropops-control-plane"
Jul 31 17:38:56 giropops-control-plane kubelet[253]: E0731 17:38:56.484481     253 kubelet.go:3516] "Unable to register mirror pod because node is not registered yet" err="node \"giropops-control-plane\" not found" node="giropops-control-plane"
Jul 31 17:38:56 giropops-control-plane kubelet[253]: E0731 17:38:56.573545     253 kubelet.go:3516] "Unable to register mirror pod because node is not registered yet" err="node \"giropops-control-plane\" not found" node="giropops-control-plane"
Jul 31 17:38:56 giropops-control-plane kubelet[253]: E0731 17:38:56.695048     253 kubelet.go:3516] "Unable to register mirror pod because node is not registered yet" err="node \"giropops-control-plane\" not found" node="giropops-control-plane"
Jul 31 17:38:56 giropops-control-plane kubelet[253]: E0731 17:38:56.795651     253 kubelet.go:3516] "Unable to register mirror pod because node is not registered yet" err="node \"giropops-control-plane\" not found" node="giropops-control-plane"
Jul 31 17:38:56 giropops-control-plane kubelet[253]: E0731 17:38:56.864670     253 kubelet.go:3516] "Unable to register mirror pod because node is not registered yet" err="node \"giropops-control-plane\" not found" node="giropops-control-plane"
Jul 31 17:38:56 giropops-control-plane kubelet[253]: E0731 17:38:56.977002     253 kubelet.go:3516] "Unable to register mirror pod because node is not registered yet" err="node \"giropops-control-plane\" not found" node="giropops-control-plane"
Jul 31 17:38:57 giropops-control-plane kubelet[253]: E0731 17:38:57.088229     253 kubelet.go:3516] "Unable to register mirror pod because node is not registered yet" err="node \"giropops-control-plane\" not found" node="giropops-control-plane"
Jul 31 17:38:57 giropops-control-plane kubelet[253]: E0731 17:38:57.172541     253 kubelet.go:3516] "Unable to register mirror pod because node is not registered yet" err="node \"giropops-control-plane\" not found" node="giropops-control-plane"
Jul 31 17:38:57 giropops-control-plane kubelet[253]: E0731 17:38:57.348062     253 kubelet.go:3516] "Unable to register mirror pod because node is not registered yet" err="node \"giropops-control-plane\" not found" node="giropops-control-plane"
Jul 31 17:38:57 giropops-control-plane kubelet[253]: E0731 17:38:57.374709     253 kubelet.go:3516] "Unable to register mirror pod because node is not registered yet" err="node \"giropops-control-plane\" not found" node="giropops-control-plane"
Jul 31 17:38:57 giropops-control-plane kubelet[253]: E0731 17:38:57.482708     253 kubelet.go:3516] "Unable to register mirror pod because node is not registered yet" err="node \"giropops-control-plane\" not found" node="giropops-control-plane"
Jul 31 17:38:57 giropops-control-plane kubelet[253]: E0731 17:38:57.593868     253 kubelet.go:3516] "Unable to register mirror pod because node is not registered yet" err="node \"giropops-control-plane\" not found" node="giropops-control-plane"
Jul 31 17:38:57 giropops-control-plane kubelet[253]: E0731 17:38:57.666448     253 kubelet.go:3516] "Unable to register mirror pod because node is not registered yet" err="node \"giropops-control-plane\" not found" node="giropops-control-plane"
Jul 31 17:38:57 giropops-control-plane kubelet[253]: E0731 17:38:57.827680     253 kubelet.go:3516] "Unable to register mirror pod because node is not registered yet" err="node \"giropops-control-plane\" not found" node="giropops-control-plane"
Jul 31 17:38:57 giropops-control-plane kubelet[253]: E0731 17:38:57.920402     253 kubelet.go:3516] "Unable to register mirror pod because node is not registered yet" err="node \"giropops-control-plane\" not found" node="giropops-control-plane"
Jul 31 17:38:58 giropops-control-plane kubelet[253]: E0731 17:38:58.003948     253 kubelet.go:3516] "Unable to register mirror pod because node is not registered yet" err="node \"giropops-control-plane\" not found" node="giropops-control-plane"
Jul 31 17:38:58 giropops-control-plane kubelet[253]: E0731 17:38:58.081252     253 kubelet.go:3516] "Unable to register mirror pod because node is not registered yet" err="node \"giropops-control-plane\" not found" node="giropops-control-plane"
Jul 31 17:38:58 giropops-control-plane kubelet[253]: E0731 17:38:58.185949     253 kubelet.go:3516] "Unable to register mirror pod because node is not registered yet" err="node \"giropops-control-plane\" not found" node="giropops-control-plane"
Jul 31 17:38:58 giropops-control-plane kubelet[253]: E0731 17:38:58.304796     253 kubelet.go:3516] "Unable to register mirror pod because node is not registered yet" err="node \"giropops-control-plane\" not found" node="giropops-control-plane"
Jul 31 17:38:58 giropops-control-plane kubelet[253]: E0731 17:38:58.454597     253 kubelet.go:3516] "Unable to register mirror pod because node is not registered yet" err="node \"giropops-control-plane\" not found" node="giropops-control-plane"
Jul 31 17:38:58 giropops-control-plane kubelet[253]: E0731 17:38:58.465432     253 kubelet.go:3516] "Unable to register mirror pod because node is not registered yet" err="node \"giropops-control-plane\" not found" node="giropops-control-plane"
Jul 31 17:38:58 giropops-control-plane kubelet[253]: E0731 17:38:58.609738     253 kubelet.go:3516] "Unable to register mirror pod because node is not registered yet" err="node \"giropops-control-plane\" not found" node="giropops-control-plane"
Jul 31 17:38:58 giropops-control-plane kubelet[253]: E0731 17:38:58.665441     253 kubelet.go:3516] "Unable to register mirror pod because node is not registered yet" err="node \"giropops-control-plane\" not found" node="giropops-control-plane"
Jul 31 17:38:58 giropops-control-plane kubelet[253]: E0731 17:38:58.780476     253 kubelet.go:3516] "Unable to register mirror pod because node is not registered yet" err="node \"giropops-control-plane\" not found" node="giropops-control-plane"
Jul 31 17:38:58 giropops-control-plane kubelet[253]: E0731 17:38:58.872813     253 kubelet.go:3516] "Unable to register mirror pod because node is not registered yet" err="node \"giropops-control-plane\" not found" node="giropops-control-plane"
Jul 31 17:38:59 giropops-control-plane kubelet[253]: E0731 17:38:58.993621     253 kubelet.go:3516] "Unable to register mirror pod because node is not registered yet" err="node \"giropops-control-plane\" not found" node="giropops-control-plane"
Jul 31 17:38:59 giropops-control-plane kubelet[253]: E0731 17:38:59.110205     253 kubelet.go:3516] "Unable to register mirror pod because node is not registered yet" err="node \"giropops-control-plane\" not found" node="giropops-control-plane"
Jul 31 17:38:59 giropops-control-plane kubelet[253]: E0731 17:38:59.178209     253 kubelet.go:3516] "Unable to register mirror pod because node is not registered yet" err="node \"giropops-control-plane\" not found" node="giropops-control-plane"
Jul 31 17:38:59 giropops-control-plane kubelet[253]: E0731 17:38:59.281923     253 kubelet.go:3516] "Unable to register mirror pod because node is not registered yet" err="node \"giropops-control-plane\" not found" node="giropops-control-plane"
Jul 31 17:38:59 giropops-control-plane kubelet[253]: E0731 17:38:59.377995     253 kubelet.go:3516] "Unable to register mirror pod because node is not registered yet" err="node \"giropops-control-plane\" not found" node="giropops-control-plane"
Jul 31 17:38:59 giropops-control-plane kubelet[253]: E0731 17:38:59.508478     253 kubelet.go:3516] "Unable to register mirror pod because node is not registered yet" err="node \"giropops-control-plane\" not found" node="giropops-control-plane"
Jul 31 17:38:59 giropops-control-plane kubelet[253]: E0731 17:38:59.583535     253 kubelet.go:3516] "Unable to register mirror pod because node is not registered yet" err="node \"giropops-control-plane\" not found" node="giropops-control-plane"
Jul 31 17:38:59 giropops-control-plane kubelet[253]: E0731 17:38:59.680061     253 kubelet.go:3516] "Unable to register mirror pod because node is not registered yet" err="node \"giropops-control-plane\" not found" node="giropops-control-plane"
Jul 31 17:38:59 giropops-control-plane kubelet[253]: E0731 17:38:59.786344     253 kubelet.go:3516] "Unable to register mirror pod because node is not registered yet" err="node \"giropops-control-plane\" not found" node="giropops-control-plane"
Jul 31 17:38:59 giropops-control-plane kubelet[253]: E0731 17:38:59.888365     253 kubelet.go:3516] "Unable to register mirror pod because node is not registered yet" err="node \"giropops-control-plane\" not found" node="giropops-control-plane"
Jul 31 17:39:00 giropops-control-plane kubelet[253]: E0731 17:38:59.995886     253 kubelet.go:3516] "Unable to register mirror pod because node is not registered yet" err="node \"giropops-control-plane\" not found" node="giropops-control-plane"
Jul 31 17:39:00 giropops-control-plane kubelet[253]: E0731 17:39:00.066761     253 kubelet.go:3516] "Unable to register mirror pod because node is not registered yet" err="node \"giropops-control-plane\" not found" node="giropops-control-plane"
Jul 31 17:39:00 giropops-control-plane kubelet[253]: E0731 17:39:00.166682     253 kubelet.go:3516] "Unable to register mirror pod because node is not registered yet" err="node \"giropops-control-plane\" not found" node="giropops-control-plane"
Jul 31 17:39:00 giropops-control-plane kubelet[253]: E0731 17:39:00.295860     253 kubelet.go:3516] "Unable to register mirror pod because node is not registered yet" err="node \"giropops-control-plane\" not found" node="giropops-control-plane"
Jul 31 17:39:00 giropops-control-plane kubelet[253]: I0731 17:39:00.304821     253 kubelet_node_status.go:75] "Attempting to register node" node="giropops-control-plane"
Jul 31 17:39:00 giropops-control-plane kubelet[253]: E0731 17:39:00.374179     253 kubelet.go:3516] "Unable to register mirror pod because node is not registered yet" err="node \"giropops-control-plane\" not found" node="giropops-control-plane"
Jul 31 17:39:00 giropops-control-plane kubelet[253]: E0731 17:39:00.476358     253 kubelet.go:3516] "Unable to register mirror pod because node is not registered yet" err="node \"giropops-control-plane\" not found" node="giropops-control-plane"
Jul 31 17:39:00 giropops-control-plane kubelet[253]: E0731 17:39:00.495476     253 kubelet_node_status.go:108] "Unable to register node with API server" err="Post \"https://172.21.0.2:6443/api/v1/nodes\": dial tcp 172.21.0.2:6443: connect: connection refused" node="giropops-control-plane"
Jul 31 17:39:00 giropops-control-plane kubelet[253]: E0731 17:39:00.617917     253 kubelet.go:3516] "Unable to register mirror pod because node is not registered yet" err="node \"giropops-control-plane\" not found" node="giropops-control-plane"
Jul 31 17:39:00 giropops-control-plane kubelet[253]: E0731 17:39:00.817924     253 kubelet.go:3516] "Unable to register mirror pod because node is not registered yet" err="node \"giropops-control-plane\" not found" node="giropops-control-plane"
Jul 31 17:39:00 giropops-control-plane kubelet[253]: E0731 17:39:00.888955     253 kubelet.go:3516] "Unable to register mirror pod because node is not registered yet" err="node \"giropops-control-plane\" not found" node="giropops-control-plane"
Jul 31 17:39:01 giropops-control-plane kubelet[253]: E0731 17:39:01.007406     253 kubelet.go:3516] "Unable to register mirror pod because node is not registered yet" err="node \"giropops-control-plane\" not found" node="giropops-control-plane"
Jul 31 17:39:01 giropops-control-plane kubelet[253]: E0731 17:39:01.016670     253 controller.go:201] "Failed to ensure lease exists, will retry" err="Get \"https://172.21.0.2:6443/apis/coordination.k8s.io/v1/namespaces/kube-node-lease/leases/giropops-control-plane?timeout=10s\": dial tcp 172.21.0.2:6443: connect: connection refused" interval="7s"
Jul 31 17:39:01 giropops-control-plane kubelet[253]: E0731 17:39:01.155008     253 kubelet.go:3516] "Unable to register mirror pod because node is not registered yet" err="node \"giropops-control-plane\" not found" node="giropops-control-plane"
Jul 31 17:39:01 giropops-control-plane kubelet[253]: E0731 17:39:01.166118     253 kubelet.go:3516] "Unable to register mirror pod because node is not registered yet" err="node \"giropops-control-plane\" not found" node="giropops-control-plane"
Jul 31 17:39:01 giropops-control-plane kubelet[253]: E0731 17:39:01.477603     253 eviction_manager.go:297] "Eviction manager: failed to get summary stats" err="failed to get node info: node \"giropops-control-plane\" not found"
Jul 31 17:39:01 giropops-control-plane kubelet[253]: E0731 17:39:01.683317     253 kubelet.go:3516] "Unable to register mirror pod because node is not registered yet" err="node \"giropops-control-plane\" not found" node="giropops-control-plane"
Jul 31 17:39:01 giropops-control-plane kubelet[253]: E0731 17:39:01.737449     253 kubelet.go:3516] "Unable to register mirror pod because node is not registered yet" err="node \"giropops-control-plane\" not found" node="giropops-control-plane"
Jul 31 17:39:01 giropops-control-plane kubelet[253]: E0731 17:39:01.821449     253 kubelet.go:3516] "Unable to register mirror pod because node is not registered yet" err="node \"giropops-control-plane\" not found" node="giropops-control-plane"
Jul 31 17:39:01 giropops-control-plane kubelet[253]: E0731 17:39:01.888443     253 kubelet.go:3516] "Unable to register mirror pod because node is not registered yet" err="node \"giropops-control-plane\" not found" node="giropops-control-plane"
Jul 31 17:39:02 giropops-control-plane kubelet[253]: E0731 17:39:02.086226     253 kubelet.go:3516] "Unable to register mirror pod because node is not registered yet" err="node \"giropops-control-plane\" not found" node="giropops-control-plane"
Jul 31 17:39:02 giropops-control-plane kubelet[253]: E0731 17:39:02.094257     253 kubelet.go:3516] "Unable to register mirror pod because node is not registered yet" err="node \"giropops-control-plane\" not found" node="giropops-control-plane"
Jul 31 17:39:02 giropops-control-plane kubelet[253]: E0731 17:39:02.200043     253 kubelet.go:3516] "Unable to register mirror pod because node is not registered yet" err="node \"giropops-control-plane\" not found" node="giropops-control-plane"
Jul 31 17:39:02 giropops-control-plane kubelet[253]: E0731 17:39:02.335434     253 kubelet.go:3516] "Unable to register mirror pod because node is not registered yet" err="node \"giropops-control-plane\" not found" node="giropops-control-plane"
Jul 31 17:39:02 giropops-control-plane kubelet[253]: E0731 17:39:02.366400     253 kubelet.go:3516] "Unable to register mirror pod because node is not registered yet" err="node \"giropops-control-plane\" not found" node="giropops-control-plane"
Jul 31 17:39:02 giropops-control-plane kubelet[253]: E0731 17:39:02.469626     253 kubelet.go:3516] "Unable to register mirror pod because node is not registered yet" err="node \"giropops-control-plane\" not found" node="giropops-control-plane"
Jul 31 17:39:02 giropops-control-plane kubelet[253]: E0731 17:39:02.568573     253 kubelet.go:3516] "Unable to register mirror pod because node is not registered yet" err="node \"giropops-control-plane\" not found" node="giropops-control-plane"
Jul 31 17:39:02 giropops-control-plane kubelet[253]: E0731 17:39:02.690594     253 kubelet.go:3516] "Unable to register mirror pod because node is not registered yet" err="node \"giropops-control-plane\" not found" node="giropops-control-plane"
Jul 31 17:39:02 giropops-control-plane kubelet[253]: E0731 17:39:02.776859     253 kubelet.go:3516] "Unable to register mirror pod because node is not registered yet" err="node \"giropops-control-plane\" not found" node="giropops-control-plane"
Jul 31 17:39:02 giropops-control-plane kubelet[253]: E0731 17:39:02.890263     253 kubelet.go:3516] "Unable to register mirror pod because node is not registered yet" err="node \"giropops-control-plane\" not found" node="giropops-control-plane"
Jul 31 17:39:02 giropops-control-plane kubelet[253]: E0731 17:39:02.971667     253 kubelet.go:3516] "Unable to register mirror pod because node is not registered yet" err="node \"giropops-control-plane\" not found" node="giropops-control-plane"
Jul 31 17:39:03 giropops-control-plane kubelet[253]: E0731 17:39:03.093093     253 kubelet.go:3516] "Unable to register mirror pod because node is not registered yet" err="node \"giropops-control-plane\" not found" node="giropops-control-plane"
Jul 31 17:39:03 giropops-control-plane kubelet[253]: E0731 17:39:03.169714     253 kubelet.go:3516] "Unable to register mirror pod because node is not registered yet" err="node \"giropops-control-plane\" not found" node="giropops-control-plane"
Jul 31 17:39:03 giropops-control-plane kubelet[253]: E0731 17:39:03.298474     253 kubelet.go:3516] "Unable to register mirror pod because node is not registered yet" err="node \"giropops-control-plane\" not found" node="giropops-control-plane"
Jul 31 17:39:03 giropops-control-plane kubelet[253]: E0731 17:39:03.418831     253 kubelet.go:3516] "Unable to register mirror pod because node is not registered yet" err="node \"giropops-control-plane\" not found" node="giropops-control-plane"
Jul 31 17:39:03 giropops-control-plane kubelet[253]: E0731 17:39:03.470783     253 kubelet.go:3516] "Unable to register mirror pod because node is not registered yet" err="node \"giropops-control-plane\" not found" node="giropops-control-plane"
Jul 31 17:39:03 giropops-control-plane kubelet[253]: E0731 17:39:03.565648     253 kubelet.go:3516] "Unable to register mirror pod because node is not registered yet" err="node \"giropops-control-plane\" not found" node="giropops-control-plane"
Jul 31 17:39:03 giropops-control-plane kubelet[253]: E0731 17:39:03.686851     253 kubelet.go:3516] "Unable to register mirror pod because node is not registered yet" err="node \"giropops-control-plane\" not found" node="giropops-control-plane"
Jul 31 17:39:03 giropops-control-plane kubelet[253]: E0731 17:39:03.775661     253 kubelet.go:3516] "Unable to register mirror pod because node is not registered yet" err="node \"giropops-control-plane\" not found" node="giropops-control-plane"
Jul 31 17:39:03 giropops-control-plane kubelet[253]: E0731 17:39:03.882419     253 kubelet.go:3516] "Unable to register mirror pod because node is not registered yet" err="node \"giropops-control-plane\" not found" node="giropops-control-plane"
Jul 31 17:39:03 giropops-control-plane kubelet[253]: E0731 17:39:03.965791     253 kubelet.go:3516] "Unable to register mirror pod because node is not registered yet" err="node \"giropops-control-plane\" not found" node="giropops-control-plane"
Jul 31 17:39:04 giropops-control-plane kubelet[253]: E0731 17:39:04.067341     253 kubelet.go:3516] "Unable to register mirror pod because node is not registered yet" err="node \"giropops-control-plane\" not found" node="giropops-control-plane"
Jul 31 17:39:04 giropops-control-plane kubelet[253]: E0731 17:39:04.171278     253 kubelet.go:3516] "Unable to register mirror pod because node is not registered yet" err="node \"giropops-control-plane\" not found" node="giropops-control-plane"
Jul 31 17:39:04 giropops-control-plane kubelet[253]: E0731 17:39:04.267592     253 kubelet.go:3516] "Unable to register mirror pod because node is not registered yet" err="node \"giropops-control-plane\" not found" node="giropops-control-plane"
Jul 31 17:39:04 giropops-control-plane kubelet[253]: E0731 17:39:04.376146     253 kubelet.go:3516] "Unable to register mirror pod because node is not registered yet" err="node \"giropops-control-plane\" not found" node="giropops-control-plane"
Jul 31 17:39:04 giropops-control-plane kubelet[253]: E0731 17:39:04.467968     253 kubelet.go:3516] "Unable to register mirror pod because node is not registered yet" err="node \"giropops-control-plane\" not found" node="giropops-control-plane"
Jul 31 17:39:04 giropops-control-plane kubelet[253]: E0731 17:39:04.587037     253 kubelet.go:3516] "Unable to register mirror pod because node is not registered yet" err="node \"giropops-control-plane\" not found" node="giropops-control-plane"
Jul 31 17:39:04 giropops-control-plane kubelet[253]: E0731 17:39:04.613993     253 event.go:368] "Unable to write event (may retry after sleeping)" err="Post \"https://172.21.0.2:6443/api/v1/namespaces/default/events\": dial tcp 172.21.0.2:6443: connect: connection refused" event="&Event{ObjectMeta:{giropops-control-plane.18c77083120e9e56  default    0 0001-01-01 00:00:00 +0000 UTC <nil> <nil> map[] map[] [] [] []},InvolvedObject:ObjectReference{Kind:Node,Namespace:,Name:giropops-control-plane,UID:,APIVersion:v1,ResourceVersion:,FieldPath:,},Reason:Starting,Message:Starting kubelet.,Source:EventSource{Component:kubelet,Host:giropops-control-plane,},FirstTimestamp:2026-07-31 17:38:05.521665622 +0000 UTC m=+5.221008999,LastTimestamp:2026-07-31 17:38:05.521665622 +0000 UTC m=+5.221008999,Count:1,Type:Normal,EventTime:0001-01-01 00:00:00 +0000 UTC,Series:nil,Action:,Related:nil,ReportingController:kubelet,ReportingInstance:giropops-control-plane,}"
Jul 31 17:39:04 giropops-control-plane kubelet[253]: E0731 17:39:04.677555     253 kubelet.go:3516] "Unable to register mirror pod because node is not registered yet" err="node \"giropops-control-plane\" not found" node="giropops-control-plane"
Jul 31 17:39:04 giropops-control-plane kubelet[253]: E0731 17:39:04.770650     253 kubelet.go:3516] "Unable to register mirror pod because node is not registered yet" err="node \"giropops-control-plane\" not found" node="giropops-control-plane"
Jul 31 17:39:04 giropops-control-plane kubelet[253]: E0731 17:39:04.880892     253 kubelet.go:3516] "Unable to register mirror pod because node is not registered yet" err="node \"giropops-control-plane\" not found" node="giropops-control-plane"
Jul 31 17:39:04 giropops-control-plane kubelet[253]: E0731 17:39:04.981753     253 kubelet.go:3516] "Unable to register mirror pod because node is not registered yet" err="node \"giropops-control-plane\" not found" node="giropops-control-plane"
Jul 31 17:39:05 giropops-control-plane kubelet[253]: E0731 17:39:05.072888     253 kubelet.go:3516] "Unable to register mirror pod because node is not registered yet" err="node \"giropops-control-plane\" not found" node="giropops-control-plane"
Jul 31 17:39:05 giropops-control-plane kubelet[253]: E0731 17:39:05.181381     253 kubelet.go:3516] "Unable to register mirror pod because node is not registered yet" err="node \"giropops-control-plane\" not found" node="giropops-control-plane"
Jul 31 17:39:05 giropops-control-plane kubelet[253]: E0731 17:39:05.265560     253 kubelet.go:3516] "Unable to register mirror pod because node is not registered yet" err="node \"giropops-control-plane\" not found" node="giropops-control-plane"
Jul 31 17:39:05 giropops-control-plane kubelet[253]: E0731 17:39:05.374034     253 kubelet.go:3516] "Unable to register mirror pod because node is not registered yet" err="node \"giropops-control-plane\" not found" node="giropops-control-plane"
Jul 31 17:39:05 giropops-control-plane kubelet[253]: E0731 17:39:05.480255     253 kubelet.go:3516] "Unable to register mirror pod because node is not registered yet" err="node \"giropops-control-plane\" not found" node="giropops-control-plane"
Jul 31 17:39:05 giropops-control-plane kubelet[253]: E0731 17:39:05.577548     253 kubelet.go:3516] "Unable to register mirror pod because node is not registered yet" err="node \"giropops-control-plane\" not found" node="giropops-control-plane"
Jul 31 17:39:05 giropops-control-plane kubelet[253]: E0731 17:39:05.678736     253 kubelet.go:3516] "Unable to register mirror pod because node is not registered yet" err="node \"giropops-control-plane\" not found" node="giropops-control-plane"
Jul 31 17:39:05 giropops-control-plane kubelet[253]: E0731 17:39:05.771838     253 kubelet.go:3516] "Unable to register mirror pod because node is not registered yet" err="node \"giropops-control-plane\" not found" node="giropops-control-plane"
Jul 31 17:39:05 giropops-control-plane kubelet[253]: E0731 17:39:05.873137     253 kubelet.go:3516] "Unable to register mirror pod because node is not registered yet" err="node \"giropops-control-plane\" not found" node="giropops-control-plane"
Jul 31 17:39:05 giropops-control-plane kubelet[253]: E0731 17:39:05.972134     253 kubelet.go:3516] "Unable to register mirror pod because node is not registered yet" err="node \"giropops-control-plane\" not found" node="giropops-control-plane"
Jul 31 17:39:06 giropops-control-plane kubelet[253]: E0731 17:39:06.065189     253 kubelet.go:3516] "Unable to register mirror pod because node is not registered yet" err="node \"giropops-control-plane\" not found" node="giropops-control-plane"
Jul 31 17:39:06 giropops-control-plane kubelet[253]: E0731 17:39:06.181127     253 kubelet.go:3516] "Unable to register mirror pod because node is not registered yet" err="node \"giropops-control-plane\" not found" node="giropops-control-plane"
Jul 31 17:39:06 giropops-control-plane kubelet[253]: E0731 17:39:06.282505     253 kubelet.go:3516] "Unable to register mirror pod because node is not registered yet" err="node \"giropops-control-plane\" not found" node="giropops-control-plane"
Jul 31 17:39:06 giropops-control-plane kubelet[253]: E0731 17:39:06.372638     253 kubelet.go:3516] "Unable to register mirror pod because node is not registered yet" err="node \"giropops-control-plane\" not found" node="giropops-control-plane"
Jul 31 17:39:06 giropops-control-plane kubelet[253]: E0731 17:39:06.473491     253 kubelet.go:3516] "Unable to register mirror pod because node is not registered yet" err="node \"giropops-control-plane\" not found" node="giropops-control-plane"
Jul 31 17:39:06 giropops-control-plane kubelet[253]: E0731 17:39:06.579762     253 kubelet.go:3516] "Unable to register mirror pod because node is not registered yet" err="node \"giropops-control-plane\" not found" node="giropops-control-plane"
Jul 31 17:39:06 giropops-control-plane kubelet[253]: E0731 17:39:06.701557     253 kubelet.go:3516] "Unable to register mirror pod because node is not registered yet" err="node \"giropops-control-plane\" not found" node="giropops-control-plane"
Jul 31 17:39:06 giropops-control-plane kubelet[253]: E0731 17:39:06.841756     253 kubelet.go:3516] "Unable to register mirror pod because node is not registered yet" err="node \"giropops-control-plane\" not found" node="giropops-control-plane"
Jul 31 17:39:06 giropops-control-plane kubelet[253]: E0731 17:39:06.866624     253 kubelet.go:3516] "Unable to register mirror pod because node is not registered yet" err="node \"giropops-control-plane\" not found" node="giropops-control-plane"
Jul 31 17:39:06 giropops-control-plane kubelet[253]: E0731 17:39:06.974617     253 kubelet.go:3516] "Unable to register mirror pod because node is not registered yet" err="node \"giropops-control-plane\" not found" node="giropops-control-plane"
Jul 31 17:39:07 giropops-control-plane kubelet[253]: E0731 17:39:07.069452     253 kubelet.go:3516] "Unable to register mirror pod because node is not registered yet" err="node \"giropops-control-plane\" not found" node="giropops-control-plane"
Jul 31 17:39:07 giropops-control-plane kubelet[253]: E0731 17:39:07.205900     253 kubelet.go:3516] "Unable to register mirror pod because node is not registered yet" err="node \"giropops-control-plane\" not found" node="giropops-control-plane"
Jul 31 17:39:07 giropops-control-plane kubelet[253]: E0731 17:39:07.265535     253 kubelet.go:3516] "Unable to register mirror pod because node is not registered yet" err="node \"giropops-control-plane\" not found" node="giropops-control-plane"
Jul 31 17:39:07 giropops-control-plane kubelet[253]: E0731 17:39:07.389153     253 kubelet.go:3516] "Unable to register mirror pod because node is not registered yet" err="node \"giropops-control-plane\" not found" node="giropops-control-plane"
Jul 31 17:39:07 giropops-control-plane kubelet[253]: E0731 17:39:07.541242     253 kubelet.go:3516] "Unable to register mirror pod because node is not registered yet" err="node \"giropops-control-plane\" not found" node="giropops-control-plane"
Jul 31 17:39:07 giropops-control-plane kubelet[253]: E0731 17:39:07.572732     253 kubelet.go:3516] "Unable to register mirror pod because node is not registered yet" err="node \"giropops-control-plane\" not found" node="giropops-control-plane"
Jul 31 17:39:07 giropops-control-plane kubelet[253]: I0731 17:39:07.594850     253 kubelet_node_status.go:75] "Attempting to register node" node="giropops-control-plane"
Jul 31 17:39:07 giropops-control-plane kubelet[253]: E0731 17:39:07.684206     253 kubelet.go:3516] "Unable to register mirror pod because node is not registered yet" err="node \"giropops-control-plane\" not found" node="giropops-control-plane"
Jul 31 17:39:07 giropops-control-plane kubelet[253]: E0731 17:39:07.770038     253 kubelet.go:3516] "Unable to register mirror pod because node is not registered yet" err="node \"giropops-control-plane\" not found" node="giropops-control-plane"
Jul 31 17:39:07 giropops-control-plane kubelet[253]: E0731 17:39:07.832548     253 certificate_manager.go:596] "Failed while requesting a signed certificate from the control plane" err="cannot create certificate signing request: Post \"https://172.21.0.2:6443/apis/certificates.k8s.io/v1/certificatesigningrequests\": dial tcp 172.21.0.2:6443: connect: connection refused" logger="kubernetes.io/kube-apiserver-client-kubelet.UnhandledError"
Jul 31 17:39:07 giropops-control-plane kubelet[253]: E0731 17:39:07.844045     253 kubelet_node_status.go:108] "Unable to register node with API server" err="Post \"https://172.21.0.2:6443/api/v1/nodes\": dial tcp 172.21.0.2:6443: connect: connection refused" node="giropops-control-plane"
Jul 31 17:39:07 giropops-control-plane kubelet[253]: E0731 17:39:07.895574     253 kubelet.go:3516] "Unable to register mirror pod because node is not registered yet" err="node \"giropops-control-plane\" not found" node="giropops-control-plane"
Jul 31 17:39:08 giropops-control-plane kubelet[253]: E0731 17:39:07.992910     253 kubelet.go:3516] "Unable to register mirror pod because node is not registered yet" err="node \"giropops-control-plane\" not found" node="giropops-control-plane"
Jul 31 17:39:08 giropops-control-plane kubelet[253]: E0731 17:39:08.095317     253 kubelet.go:3516] "Unable to register mirror pod because node is not registered yet" err="node \"giropops-control-plane\" not found" node="giropops-control-plane"
Jul 31 17:39:08 giropops-control-plane kubelet[253]: E0731 17:39:08.133468     253 controller.go:201] "Failed to ensure lease exists, will retry" err="Get \"https://172.21.0.2:6443/apis/coordination.k8s.io/v1/namespaces/kube-node-lease/leases/giropops-control-plane?timeout=10s\": dial tcp 172.21.0.2:6443: connect: connection refused" interval="7s"
Jul 31 17:39:08 giropops-control-plane kubelet[253]: E0731 17:39:08.205771     253 kubelet.go:3516] "Unable to register mirror pod because node is not registered yet" err="node \"giropops-control-plane\" not found" node="giropops-control-plane"
Jul 31 17:39:08 giropops-control-plane kubelet[253]: E0731 17:39:08.279136     253 kubelet.go:3516] "Unable to register mirror pod because node is not registered yet" err="node \"giropops-control-plane\" not found" node="giropops-control-plane"
Jul 31 17:39:08 giropops-control-plane kubelet[253]: E0731 17:39:08.404751     253 kubelet.go:3516] "Unable to register mirror pod because node is not registered yet" err="node \"giropops-control-plane\" not found" node="giropops-control-plane"
Jul 31 17:39:08 giropops-control-plane kubelet[253]: E0731 17:39:08.484472     253 kubelet.go:3516] "Unable to register mirror pod because node is not registered yet" err="node \"giropops-control-plane\" not found" node="giropops-control-plane"
Jul 31 17:39:08 giropops-control-plane kubelet[253]: E0731 17:39:08.569931     253 kubelet.go:3516] "Unable to register mirror pod because node is not registered yet" err="node \"giropops-control-plane\" not found" node="giropops-control-plane"
Jul 31 17:39:08 giropops-control-plane kubelet[253]: E0731 17:39:08.688429     253 kubelet.go:3516] "Unable to register mirror pod because node is not registered yet" err="node \"giropops-control-plane\" not found" node="giropops-control-plane"
Jul 31 17:39:08 giropops-control-plane kubelet[253]: E0731 17:39:08.773820     253 kubelet.go:3516] "Unable to register mirror pod because node is not registered yet" err="node \"giropops-control-plane\" not found" node="giropops-control-plane"
Jul 31 17:39:08 giropops-control-plane kubelet[253]: E0731 17:39:08.885596     253 kubelet.go:3516] "Unable to register mirror pod because node is not registered yet" err="node \"giropops-control-plane\" not found" node="giropops-control-plane"
Jul 31 17:39:09 giropops-control-plane kubelet[253]: E0731 17:39:09.014668     253 kubelet.go:3516] "Unable to register mirror pod because node is not registered yet" err="node \"giropops-control-plane\" not found" node="giropops-control-plane"
Jul 31 17:39:09 giropops-control-plane kubelet[253]: E0731 17:39:09.070988     253 kubelet.go:3516] "Unable to register mirror pod because node is not registered yet" err="node \"giropops-control-plane\" not found" node="giropops-control-plane"
Jul 31 17:39:09 giropops-control-plane kubelet[253]: E0731 17:39:09.171097     253 kubelet.go:3516] "Unable to register mirror pod because node is not registered yet" err="node \"giropops-control-plane\" not found" node="giropops-control-plane"
Jul 31 17:39:09 giropops-control-plane kubelet[253]: E0731 17:39:09.273578     253 kubelet.go:3516] "Unable to register mirror pod because node is not registered yet" err="node \"giropops-control-plane\" not found" node="giropops-control-plane"
Jul 31 17:39:09 giropops-control-plane kubelet[253]: E0731 17:39:09.375883     253 kubelet.go:3516] "Unable to register mirror pod because node is not registered yet" err="node \"giropops-control-plane\" not found" node="giropops-control-plane"
Jul 31 17:39:09 giropops-control-plane kubelet[253]: E0731 17:39:09.471897     253 kubelet.go:3516] "Unable to register mirror pod because node is not registered yet" err="node \"giropops-control-plane\" not found" node="giropops-control-plane"
Jul 31 17:39:09 giropops-control-plane kubelet[253]: E0731 17:39:09.612320     253 kubelet.go:3516] "Unable to register mirror pod because node is not registered yet" err="node \"giropops-control-plane\" not found" node="giropops-control-plane"
Jul 31 17:39:09 giropops-control-plane kubelet[253]: E0731 17:39:09.673862     253 kubelet.go:3516] "Unable to register mirror pod because node is not registered yet" err="node \"giropops-control-plane\" not found" node="giropops-control-plane"
Jul 31 17:39:09 giropops-control-plane kubelet[253]: E0731 17:39:09.785104     253 kubelet.go:3516] "Unable to register mirror pod because node is not registered yet" err="node \"giropops-control-plane\" not found" node="giropops-control-plane"
Jul 31 17:39:09 giropops-control-plane kubelet[253]: E0731 17:39:09.888647     253 kubelet.go:3516] "Unable to register mirror pod because node is not registered yet" err="node \"giropops-control-plane\" not found" node="giropops-control-plane"
Jul 31 17:39:10 giropops-control-plane kubelet[253]: E0731 17:39:09.982679     253 kubelet.go:3516] "Unable to register mirror pod because node is not registered yet" err="node \"giropops-control-plane\" not found" node="giropops-control-plane"
Jul 31 17:39:10 giropops-control-plane kubelet[253]: E0731 17:39:10.091689     253 kubelet.go:3516] "Unable to register mirror pod because node is not registered yet" err="node \"giropops-control-plane\" not found" node="giropops-control-plane"
Jul 31 17:39:10 giropops-control-plane kubelet[253]: E0731 17:39:10.173765     253 kubelet.go:3516] "Unable to register mirror pod because node is not registered yet" err="node \"giropops-control-plane\" not found" node="giropops-control-plane"
Jul 31 17:39:10 giropops-control-plane kubelet[253]: E0731 17:39:10.273097     253 kubelet.go:3516] "Unable to register mirror pod because node is not registered yet" err="node \"giropops-control-plane\" not found" node="giropops-control-plane"
Jul 31 17:39:10 giropops-control-plane kubelet[253]: E0731 17:39:10.387068     253 kubelet.go:3516] "Unable to register mirror pod because node is not registered yet" err="node \"giropops-control-plane\" not found" node="giropops-control-plane"
Jul 31 17:39:10 giropops-control-plane kubelet[253]: E0731 17:39:10.516785     253 kubelet.go:3516] "Unable to register mirror pod because node is not registered yet" err="node \"giropops-control-plane\" not found" node="giropops-control-plane"
Jul 31 17:39:10 giropops-control-plane kubelet[253]: E0731 17:39:10.577555     253 kubelet.go:3516] "Unable to register mirror pod because node is not registered yet" err="node \"giropops-control-plane\" not found" node="giropops-control-plane"
Jul 31 17:39:10 giropops-control-plane kubelet[253]: E0731 17:39:10.707231     253 kubelet.go:3516] "Unable to register mirror pod because node is not registered yet" err="node \"giropops-control-plane\" not found" node="giropops-control-plane"
Jul 31 17:39:10 giropops-control-plane kubelet[253]: E0731 17:39:10.788427     253 kubelet.go:3516] "Unable to register mirror pod because node is not registered yet" err="node \"giropops-control-plane\" not found" node="giropops-control-plane"
Jul 31 17:39:10 giropops-control-plane kubelet[253]: E0731 17:39:10.868019     253 kubelet.go:3516] "Unable to register mirror pod because node is not registered yet" err="node \"giropops-control-plane\" not found" node="giropops-control-plane"
Jul 31 17:39:10 giropops-control-plane kubelet[253]: E0731 17:39:10.970177     253 kubelet.go:3516] "Unable to register mirror pod because node is not registered yet" err="node \"giropops-control-plane\" not found" node="giropops-control-plane"
Jul 31 17:39:11 giropops-control-plane kubelet[253]: E0731 17:39:11.084538     253 kubelet.go:3516] "Unable to register mirror pod because node is not registered yet" err="node \"giropops-control-plane\" not found" node="giropops-control-plane"
Jul 31 17:39:11 giropops-control-plane kubelet[253]: E0731 17:39:11.182949     253 kubelet.go:3516] "Unable to register mirror pod because node is not registered yet" err="node \"giropops-control-plane\" not found" node="giropops-control-plane"
Jul 31 17:39:11 giropops-control-plane kubelet[253]: E0731 17:39:11.282997     253 kubelet.go:3516] "Unable to register mirror pod because node is not registered yet" err="node \"giropops-control-plane\" not found" node="giropops-control-plane"
Jul 31 17:39:11 giropops-control-plane kubelet[253]: E0731 17:39:11.374794     253 kubelet.go:3516] "Unable to register mirror pod because node is not registered yet" err="node \"giropops-control-plane\" not found" node="giropops-control-plane"
Jul 31 17:39:11 giropops-control-plane kubelet[253]: E0731 17:39:11.555007     253 eviction_manager.go:297] "Eviction manager: failed to get summary stats" err="failed to get node info: node \"giropops-control-plane\" not found"
Jul 31 17:39:11 giropops-control-plane kubelet[253]: E0731 17:39:11.565889     253 kubelet.go:3516] "Unable to register mirror pod because node is not registered yet" err="node \"giropops-control-plane\" not found" node="giropops-control-plane"
Jul 31 17:39:11 giropops-control-plane kubelet[253]: E0731 17:39:11.565917     253 kubelet.go:3516] "Unable to register mirror pod because node is not registered yet" err="node \"giropops-control-plane\" not found" node="giropops-control-plane"
Jul 31 17:39:11 giropops-control-plane kubelet[253]: E0731 17:39:11.693741     253 kubelet.go:3516] "Unable to register mirror pod because node is not registered yet" err="node \"giropops-control-plane\" not found" node="giropops-control-plane"
Jul 31 17:39:11 giropops-control-plane kubelet[253]: E0731 17:39:11.776917     253 kubelet.go:3516] "Unable to register mirror pod because node is not registered yet" err="node \"giropops-control-plane\" not found" node="giropops-control-plane"
Jul 31 17:39:11 giropops-control-plane kubelet[253]: E0731 17:39:11.870373     253 kubelet.go:3516] "Unable to register mirror pod because node is not registered yet" err="node \"giropops-control-plane\" not found" node="giropops-control-plane"
Jul 31 17:39:11 giropops-control-plane kubelet[253]: E0731 17:39:11.983269     253 kubelet.go:3516] "Unable to register mirror pod because node is not registered yet" err="node \"giropops-control-plane\" not found" node="giropops-control-plane"
Jul 31 17:39:12 giropops-control-plane kubelet[253]: E0731 17:39:12.083684     253 kubelet.go:3516] "Unable to register mirror pod because node is not registered yet" err="node \"giropops-control-plane\" not found" node="giropops-control-plane"
Jul 31 17:39:12 giropops-control-plane kubelet[253]: E0731 17:39:12.179516     253 kubelet.go:3516] "Unable to register mirror pod because node is not registered yet" err="node \"giropops-control-plane\" not found" node="giropops-control-plane"
Jul 31 17:39:12 giropops-control-plane kubelet[253]: E0731 17:39:12.269603     253 kubelet.go:3516] "Unable to register mirror pod because node is not registered yet" err="node \"giropops-control-plane\" not found" node="giropops-control-plane"
Jul 31 17:39:12 giropops-control-plane kubelet[253]: E0731 17:39:12.390301     253 kubelet.go:3516] "Unable to register mirror pod because node is not registered yet" err="node \"giropops-control-plane\" not found" node="giropops-control-plane"
Jul 31 17:39:12 giropops-control-plane kubelet[253]: E0731 17:39:12.473278     253 kubelet.go:3516] "Unable to register mirror pod because node is not registered yet" err="node \"giropops-control-plane\" not found" node="giropops-control-plane"
Jul 31 17:39:12 giropops-control-plane kubelet[253]: E0731 17:39:12.586042     253 kubelet.go:3516] "Unable to register mirror pod because node is not registered yet" err="node \"giropops-control-plane\" not found" node="giropops-control-plane"
Jul 31 17:39:12 giropops-control-plane kubelet[253]: E0731 17:39:12.668922     253 kubelet.go:3516] "Unable to register mirror pod because node is not registered yet" err="node \"giropops-control-plane\" not found" node="giropops-control-plane"
Jul 31 17:39:12 giropops-control-plane kubelet[253]: E0731 17:39:12.772468     253 kubelet.go:3516] "Unable to register mirror pod because node is not registered yet" err="node \"giropops-control-plane\" not found" node="giropops-control-plane"
Jul 31 17:39:12 giropops-control-plane kubelet[253]: E0731 17:39:12.882821     253 kubelet.go:3516] "Unable to register mirror pod because node is not registered yet" err="node \"giropops-control-plane\" not found" node="giropops-control-plane"
Jul 31 17:39:12 giropops-control-plane kubelet[253]: E0731 17:39:12.981093     253 kubelet.go:3516] "Unable to register mirror pod because node is not registered yet" err="node \"giropops-control-plane\" not found" node="giropops-control-plane"
Jul 31 17:39:13 giropops-control-plane kubelet[253]: E0731 17:39:13.080831     253 kubelet.go:3516] "Unable to register mirror pod because node is not registered yet" err="node \"giropops-control-plane\" not found" node="giropops-control-plane"
Jul 31 17:39:13 giropops-control-plane kubelet[253]: E0731 17:39:13.172665     253 kubelet.go:3516] "Unable to register mirror pod because node is not registered yet" err="node \"giropops-control-plane\" not found" node="giropops-control-plane"
Jul 31 17:39:13 giropops-control-plane kubelet[253]: E0731 17:39:13.272390     253 kubelet.go:3516] "Unable to register mirror pod because node is not registered yet" err="node \"giropops-control-plane\" not found" node="giropops-control-plane"
Jul 31 17:39:13 giropops-control-plane kubelet[253]: E0731 17:39:13.401524     253 kubelet.go:3516] "Unable to register mirror pod because node is not registered yet" err="node \"giropops-control-plane\" not found" node="giropops-control-plane"
Jul 31 17:39:13 giropops-control-plane kubelet[253]: E0731 17:39:13.495847     253 kubelet.go:3516] "Unable to register mirror pod because node is not registered yet" err="node \"giropops-control-plane\" not found" node="giropops-control-plane"
Jul 31 17:39:13 giropops-control-plane kubelet[253]: E0731 17:39:13.571416     253 kubelet.go:3516] "Unable to register mirror pod because node is not registered yet" err="node \"giropops-control-plane\" not found" node="giropops-control-plane"
Jul 31 17:39:13 giropops-control-plane kubelet[253]: E0731 17:39:13.673152     253 kubelet.go:3516] "Unable to register mirror pod because node is not registered yet" err="node \"giropops-control-plane\" not found" node="giropops-control-plane"
Jul 31 17:39:13 giropops-control-plane kubelet[253]: E0731 17:39:13.774633     253 kubelet.go:3516] "Unable to register mirror pod because node is not registered yet" err="node \"giropops-control-plane\" not found" node="giropops-control-plane"
Jul 31 17:39:13 giropops-control-plane kubelet[253]: E0731 17:39:13.881715     253 kubelet.go:3516] "Unable to register mirror pod because node is not registered yet" err="node \"giropops-control-plane\" not found" node="giropops-control-plane"
Jul 31 17:39:13 giropops-control-plane kubelet[253]: E0731 17:39:13.964819     253 kubelet.go:3516] "Unable to register mirror pod because node is not registered yet" err="node \"giropops-control-plane\" not found" node="giropops-control-plane"
Jul 31 17:39:14 giropops-control-plane kubelet[253]: E0731 17:39:14.072130     253 kubelet.go:3516] "Unable to register mirror pod because node is not registered yet" err="node \"giropops-control-plane\" not found" node="giropops-control-plane"
Jul 31 17:39:14 giropops-control-plane kubelet[253]: E0731 17:39:14.181213     253 kubelet.go:3516] "Unable to register mirror pod because node is not registered yet" err="node \"giropops-control-plane\" not found" node="giropops-control-plane"
Jul 31 17:39:14 giropops-control-plane kubelet[253]: E0731 17:39:14.264680     253 kubelet.go:3516] "Unable to register mirror pod because node is not registered yet" err="node \"giropops-control-plane\" not found" node="giropops-control-plane"
Jul 31 17:39:14 giropops-control-plane kubelet[253]: E0731 17:39:14.366149     253 kubelet.go:3516] "Unable to register mirror pod because node is not registered yet" err="node \"giropops-control-plane\" not found" node="giropops-control-plane"
Jul 31 17:39:14 giropops-control-plane kubelet[253]: E0731 17:39:14.468069     253 kubelet.go:3516] "Unable to register mirror pod because node is not registered yet" err="node \"giropops-control-plane\" not found" node="giropops-control-plane"
Jul 31 17:39:14 giropops-control-plane kubelet[253]: E0731 17:39:14.604921     253 kubelet.go:3516] "Unable to register mirror pod because node is not registered yet" err="node \"giropops-control-plane\" not found" node="giropops-control-plane"
Jul 31 17:39:14 giropops-control-plane kubelet[253]: E0731 17:39:14.671155     253 event.go:368] "Unable to write event (may retry after sleeping)" err="Post \"https://172.21.0.2:6443/api/v1/namespaces/default/events\": dial tcp 172.21.0.2:6443: connect: connection refused" event="&Event{ObjectMeta:{giropops-control-plane.18c77083120e9e56  default    0 0001-01-01 00:00:00 +0000 UTC <nil> <nil> map[] map[] [] [] []},InvolvedObject:ObjectReference{Kind:Node,Namespace:,Name:giropops-control-plane,UID:,APIVersion:v1,ResourceVersion:,FieldPath:,},Reason:Starting,Message:Starting kubelet.,Source:EventSource{Component:kubelet,Host:giropops-control-plane,},FirstTimestamp:2026-07-31 17:38:05.521665622 +0000 UTC m=+5.221008999,LastTimestamp:2026-07-31 17:38:05.521665622 +0000 UTC m=+5.221008999,Count:1,Type:Normal,EventTime:0001-01-01 00:00:00 +0000 UTC,Series:nil,Action:,Related:nil,ReportingController:kubelet,ReportingInstance:giropops-control-plane,}"
Jul 31 17:39:14 giropops-control-plane kubelet[253]: E0731 17:39:14.676948     253 kubelet.go:3516] "Unable to register mirror pod because node is not registered yet" err="node \"giropops-control-plane\" not found" node="giropops-control-plane"
Jul 31 17:39:14 giropops-control-plane kubelet[253]: E0731 17:39:14.827428     253 kubelet.go:3516] "Unable to register mirror pod because node is not registered yet" err="node \"giropops-control-plane\" not found" node="giropops-control-plane"
Jul 31 17:39:14 giropops-control-plane kubelet[253]: E0731 17:39:14.883379     253 kubelet.go:3516] "Unable to register mirror pod because node is not registered yet" err="node \"giropops-control-plane\" not found" node="giropops-control-plane"
Jul 31 17:39:14 giropops-control-plane kubelet[253]: I0731 17:39:14.903443     253 kubelet_node_status.go:75] "Attempting to register node" node="giropops-control-plane"
Jul 31 17:39:14 giropops-control-plane kubelet[253]: E0731 17:39:14.913750     253 kubelet_node_status.go:108] "Unable to register node with API server" err="Post \"https://172.21.0.2:6443/api/v1/nodes\": dial tcp 172.21.0.2:6443: connect: connection refused" node="giropops-control-plane"
Jul 31 17:39:15 giropops-control-plane kubelet[253]: E0731 17:39:14.987569     253 kubelet.go:3516] "Unable to register mirror pod because node is not registered yet" err="node \"giropops-control-plane\" not found" node="giropops-control-plane"
Jul 31 17:39:15 giropops-control-plane kubelet[253]: E0731 17:39:15.073510     253 kubelet.go:3516] "Unable to register mirror pod because node is not registered yet" err="node \"giropops-control-plane\" not found" node="giropops-control-plane"
Jul 31 17:39:15 giropops-control-plane kubelet[253]: E0731 17:39:15.145126     253 controller.go:201] "Failed to ensure lease exists, will retry" err="Get \"https://172.21.0.2:6443/apis/coordination.k8s.io/v1/namespaces/kube-node-lease/leases/giropops-control-plane?timeout=10s\": dial tcp 172.21.0.2:6443: connect: connection refused" interval="7s"
Jul 31 17:39:15 giropops-control-plane kubelet[253]: E0731 17:39:15.196884     253 kubelet.go:3516] "Unable to register mirror pod because node is not registered yet" err="node \"giropops-control-plane\" not found" node="giropops-control-plane"
Jul 31 17:39:15 giropops-control-plane kubelet[253]: E0731 17:39:15.273759     253 kubelet.go:3516] "Unable to register mirror pod because node is not registered yet" err="node \"giropops-control-plane\" not found" node="giropops-control-plane"
Jul 31 17:39:15 giropops-control-plane kubelet[253]: E0731 17:39:15.373962     253 kubelet.go:3516] "Unable to register mirror pod because node is not registered yet" err="node \"giropops-control-plane\" not found" node="giropops-control-plane"
Jul 31 17:39:15 giropops-control-plane kubelet[253]: E0731 17:39:15.466157     253 kubelet.go:3516] "Unable to register mirror pod because node is not registered yet" err="node \"giropops-control-plane\" not found" node="giropops-control-plane"
Jul 31 17:39:15 giropops-control-plane kubelet[253]: E0731 17:39:15.577188     253 kubelet.go:3516] "Unable to register mirror pod because node is not registered yet" err="node \"giropops-control-plane\" not found" node="giropops-control-plane"
Jul 31 17:39:15 giropops-control-plane kubelet[253]: E0731 17:39:15.672743     253 kubelet.go:3516] "Unable to register mirror pod because node is not registered yet" err="node \"giropops-control-plane\" not found" node="giropops-control-plane"
Jul 31 17:39:15 giropops-control-plane kubelet[253]: E0731 17:39:15.790826     253 kubelet.go:3516] "Unable to register mirror pod because node is not registered yet" err="node \"giropops-control-plane\" not found" node="giropops-control-plane"
Jul 31 17:39:15 giropops-control-plane kubelet[253]: E0731 17:39:15.874883     253 kubelet.go:3516] "Unable to register mirror pod because node is not registered yet" err="node \"giropops-control-plane\" not found" node="giropops-control-plane"
Jul 31 17:39:15 giropops-control-plane kubelet[253]: E0731 17:39:15.970703     253 kubelet.go:3516] "Unable to register mirror pod because node is not registered yet" err="node \"giropops-control-plane\" not found" node="giropops-control-plane"
Jul 31 17:39:16 giropops-control-plane kubelet[253]: E0731 17:39:16.110992     253 kubelet.go:3516] "Unable to register mirror pod because node is not registered yet" err="node \"giropops-control-plane\" not found" node="giropops-control-plane"
Jul 31 17:39:16 giropops-control-plane kubelet[253]: E0731 17:39:16.187810     253 kubelet.go:3516] "Unable to register mirror pod because node is not registered yet" err="node \"giropops-control-plane\" not found" node="giropops-control-plane"
Jul 31 17:39:16 giropops-control-plane kubelet[253]: E0731 17:39:16.277569     253 kubelet.go:3516] "Unable to register mirror pod because node is not registered yet" err="node \"giropops-control-plane\" not found" node="giropops-control-plane"
Jul 31 17:39:16 giropops-control-plane kubelet[253]: E0731 17:39:16.379693     253 kubelet.go:3516] "Unable to register mirror pod because node is not registered yet" err="node \"giropops-control-plane\" not found" node="giropops-control-plane"
Jul 31 17:39:16 giropops-control-plane kubelet[253]: E0731 17:39:16.469180     253 kubelet.go:3516] "Unable to register mirror pod because node is not registered yet" err="node \"giropops-control-plane\" not found" node="giropops-control-plane"
Jul 31 17:39:16 giropops-control-plane kubelet[253]: E0731 17:39:16.576984     253 kubelet.go:3516] "Unable to register mirror pod because node is not registered yet" err="node \"giropops-control-plane\" not found" node="giropops-control-plane"
Jul 31 17:39:16 giropops-control-plane kubelet[253]: E0731 17:39:16.689343     253 kubelet.go:3516] "Unable to register mirror pod because node is not registered yet" err="node \"giropops-control-plane\" not found" node="giropops-control-plane"
Jul 31 17:39:16 giropops-control-plane kubelet[253]: E0731 17:39:16.778886     253 kubelet.go:3516] "Unable to register mirror pod because node is not registered yet" err="node \"giropops-control-plane\" not found" node="giropops-control-plane"
Jul 31 17:39:16 giropops-control-plane kubelet[253]: E0731 17:39:16.870426     253 kubelet.go:3516] "Unable to register mirror pod because node is not registered yet" err="node \"giropops-control-plane\" not found" node="giropops-control-plane"
Jul 31 17:39:16 giropops-control-plane kubelet[253]: E0731 17:39:16.973659     253 kubelet.go:3516] "Unable to register mirror pod because node is not registered yet" err="node \"giropops-control-plane\" not found" node="giropops-control-plane"
Jul 31 17:39:17 giropops-control-plane kubelet[253]: E0731 17:39:17.070599     253 kubelet.go:3516] "Unable to register mirror pod because node is not registered yet" err="node \"giropops-control-plane\" not found" node="giropops-control-plane"
Jul 31 17:39:17 giropops-control-plane kubelet[253]: E0731 17:39:17.174871     253 kubelet.go:3516] "Unable to register mirror pod because node is not registered yet" err="node \"giropops-control-plane\" not found" node="giropops-control-plane"
Jul 31 17:39:17 giropops-control-plane kubelet[253]: E0731 17:39:17.267778     253 kubelet.go:3516] "Unable to register mirror pod because node is not registered yet" err="node \"giropops-control-plane\" not found" node="giropops-control-plane"
Jul 31 17:39:17 giropops-control-plane kubelet[253]: E0731 17:39:17.373317     253 kubelet.go:3516] "Unable to register mirror pod because node is not registered yet" err="node \"giropops-control-plane\" not found" node="giropops-control-plane"
Jul 31 17:39:17 giropops-control-plane kubelet[253]: E0731 17:39:17.469244     253 kubelet.go:3516] "Unable to register mirror pod because node is not registered yet" err="node \"giropops-control-plane\" not found" node="giropops-control-plane"
Jul 31 17:39:17 giropops-control-plane kubelet[253]: E0731 17:39:17.583505     253 kubelet.go:3516] "Unable to register mirror pod because node is not registered yet" err="node \"giropops-control-plane\" not found" node="giropops-control-plane"
Jul 31 17:39:17 giropops-control-plane kubelet[253]: E0731 17:39:17.675505     253 kubelet.go:3516] "Unable to register mirror pod because node is not registered yet" err="node \"giropops-control-plane\" not found" node="giropops-control-plane"
Jul 31 17:39:17 giropops-control-plane kubelet[253]: E0731 17:39:17.774402     253 kubelet.go:3516] "Unable to register mirror pod because node is not registered yet" err="node \"giropops-control-plane\" not found" node="giropops-control-plane"
Jul 31 17:39:17 giropops-control-plane kubelet[253]: E0731 17:39:17.871128     253 kubelet.go:3516] "Unable to register mirror pod because node is not registered yet" err="node \"giropops-control-plane\" not found" node="giropops-control-plane"
Jul 31 17:39:17 giropops-control-plane kubelet[253]: E0731 17:39:17.966237     253 kubelet.go:3516] "Unable to register mirror pod because node is not registered yet" err="node \"giropops-control-plane\" not found" node="giropops-control-plane"
Jul 31 17:39:18 giropops-control-plane kubelet[253]: E0731 17:39:18.074747     253 kubelet.go:3516] "Unable to register mirror pod because node is not registered yet" err="node \"giropops-control-plane\" not found" node="giropops-control-plane"
Jul 31 17:39:18 giropops-control-plane kubelet[253]: E0731 17:39:18.170497     253 kubelet.go:3516] "Unable to register mirror pod because node is not registered yet" err="node \"giropops-control-plane\" not found" node="giropops-control-plane"
Jul 31 17:39:18 giropops-control-plane kubelet[253]: E0731 17:39:18.266522     253 kubelet.go:3516] "Unable to register mirror pod because node is not registered yet" err="node \"giropops-control-plane\" not found" node="giropops-control-plane"
Jul 31 17:39:18 giropops-control-plane kubelet[253]: E0731 17:39:18.371892     253 kubelet.go:3516] "Unable to register mirror pod because node is not registered yet" err="node \"giropops-control-plane\" not found" node="giropops-control-plane"
Jul 31 17:39:18 giropops-control-plane kubelet[253]: E0731 17:39:18.493879     253 kubelet.go:3516] "Unable to register mirror pod because node is not registered yet" err="node \"giropops-control-plane\" not found" node="giropops-control-plane"
Jul 31 17:39:18 giropops-control-plane kubelet[253]: E0731 17:39:18.567359     253 kubelet.go:3516] "Unable to register mirror pod because node is not registered yet" err="node \"giropops-control-plane\" not found" node="giropops-control-plane"
Jul 31 17:39:18 giropops-control-plane kubelet[253]: E0731 17:39:18.671980     253 kubelet.go:3516] "Unable to register mirror pod because node is not registered yet" err="node \"giropops-control-plane\" not found" node="giropops-control-plane"
Jul 31 17:39:18 giropops-control-plane kubelet[253]: E0731 17:39:18.767137     253 kubelet.go:3516] "Unable to register mirror pod because node is not registered yet" err="node \"giropops-control-plane\" not found" node="giropops-control-plane"
Jul 31 17:39:18 giropops-control-plane kubelet[253]: E0731 17:39:18.872753     253 kubelet.go:3516] "Unable to register mirror pod because node is not registered yet" err="node \"giropops-control-plane\" not found" node="giropops-control-plane"
Jul 31 17:39:18 giropops-control-plane kubelet[253]: E0731 17:39:18.980573     253 kubelet.go:3516] "Unable to register mirror pod because node is not registered yet" err="node \"giropops-control-plane\" not found" node="giropops-control-plane"
Jul 31 17:39:19 giropops-control-plane kubelet[253]: E0731 17:39:19.098800     253 kubelet.go:3516] "Unable to register mirror pod because node is not registered yet" err="node \"giropops-control-plane\" not found" node="giropops-control-plane"
Jul 31 17:39:19 giropops-control-plane kubelet[253]: E0731 17:39:19.222771     253 kubelet.go:3516] "Unable to register mirror pod because node is not registered yet" err="node \"giropops-control-plane\" not found" node="giropops-control-plane"
Jul 31 17:39:19 giropops-control-plane kubelet[253]: E0731 17:39:19.282453     253 kubelet.go:3516] "Unable to register mirror pod because node is not registered yet" err="node \"giropops-control-plane\" not found" node="giropops-control-plane"
Jul 31 17:39:19 giropops-control-plane kubelet[253]: E0731 17:39:19.368857     253 kubelet.go:3516] "Unable to register mirror pod because node is not registered yet" err="node \"giropops-control-plane\" not found" node="giropops-control-plane"
Jul 31 17:39:19 giropops-control-plane kubelet[253]: E0731 17:39:19.513487     253 kubelet.go:3516] "Unable to register mirror pod because node is not registered yet" err="node \"giropops-control-plane\" not found" node="giropops-control-plane"
Jul 31 17:39:19 giropops-control-plane kubelet[253]: E0731 17:39:19.581449     253 kubelet.go:3516] "Unable to register mirror pod because node is not registered yet" err="node \"giropops-control-plane\" not found" node="giropops-control-plane"
Jul 31 17:39:19 giropops-control-plane kubelet[253]: E0731 17:39:19.674557     253 kubelet.go:3516] "Unable to register mirror pod because node is not registered yet" err="node \"giropops-control-plane\" not found" node="giropops-control-plane"
Jul 31 17:39:19 giropops-control-plane kubelet[253]: E0731 17:39:19.780378     253 kubelet.go:3516] "Unable to register mirror pod because node is not registered yet" err="node \"giropops-control-plane\" not found" node="giropops-control-plane"
Jul 31 17:39:19 giropops-control-plane kubelet[253]: E0731 17:39:19.871385     253 kubelet.go:3516] "Unable to register mirror pod because node is not registered yet" err="node \"giropops-control-plane\" not found" node="giropops-control-plane"
Jul 31 17:39:19 giropops-control-plane kubelet[253]: E0731 17:39:19.993868     253 kubelet.go:3516] "Unable to register mirror pod because node is not registered yet" err="node \"giropops-control-plane\" not found" node="giropops-control-plane"
Jul 31 17:39:20 giropops-control-plane kubelet[253]: E0731 17:39:20.070348     253 kubelet.go:3516] "Unable to register mirror pod because node is not registered yet" err="node \"giropops-control-plane\" not found" node="giropops-control-plane"
Jul 31 17:39:20 giropops-control-plane kubelet[253]: E0731 17:39:20.177671     253 kubelet.go:3516] "Unable to register mirror pod because node is not registered yet" err="node \"giropops-control-plane\" not found" node="giropops-control-plane"
Jul 31 17:39:20 giropops-control-plane kubelet[253]: E0731 17:39:20.274099     253 kubelet.go:3516] "Unable to register mirror pod because node is not registered yet" err="node \"giropops-control-plane\" not found" node="giropops-control-plane"
Jul 31 17:39:20 giropops-control-plane kubelet[253]: E0731 17:39:20.365110     253 kubelet.go:3516] "Unable to register mirror pod because node is not registered yet" err="node \"giropops-control-plane\" not found" node="giropops-control-plane"
Jul 31 17:39:20 giropops-control-plane kubelet[253]: E0731 17:39:20.471128     253 kubelet.go:3516] "Unable to register mirror pod because node is not registered yet" err="node \"giropops-control-plane\" not found" node="giropops-control-plane"
Jul 31 17:39:20 giropops-control-plane kubelet[253]: E0731 17:39:20.564852     253 kubelet.go:3516] "Unable to register mirror pod because node is not registered yet" err="node \"giropops-control-plane\" not found" node="giropops-control-plane"
Jul 31 17:39:20 giropops-control-plane kubelet[253]: E0731 17:39:20.674021     253 kubelet.go:3516] "Unable to register mirror pod because node is not registered yet" err="node \"giropops-control-plane\" not found" node="giropops-control-plane"
Jul 31 17:39:20 giropops-control-plane kubelet[253]: E0731 17:39:20.769652     253 kubelet.go:3516] "Unable to register mirror pod because node is not registered yet" err="node \"giropops-control-plane\" not found" node="giropops-control-plane"
Jul 31 17:39:20 giropops-control-plane kubelet[253]: E0731 17:39:20.884771     253 kubelet.go:3516] "Unable to register mirror pod because node is not registered yet" err="node \"giropops-control-plane\" not found" node="giropops-control-plane"
Jul 31 17:39:20 giropops-control-plane kubelet[253]: E0731 17:39:20.976135     253 kubelet.go:3516] "Unable to register mirror pod because node is not registered yet" err="node \"giropops-control-plane\" not found" node="giropops-control-plane"
Jul 31 17:39:21 giropops-control-plane kubelet[253]: E0731 17:39:21.074452     253 kubelet.go:3516] "Unable to register mirror pod because node is not registered yet" err="node \"giropops-control-plane\" not found" node="giropops-control-plane"
Jul 31 17:39:21 giropops-control-plane kubelet[253]: E0731 17:39:21.165928     253 kubelet.go:3516] "Unable to register mirror pod because node is not registered yet" err="node \"giropops-control-plane\" not found" node="giropops-control-plane"
Jul 31 17:39:21 giropops-control-plane kubelet[253]: E0731 17:39:21.292212     253 kubelet.go:3516] "Unable to register mirror pod because node is not registered yet" err="node \"giropops-control-plane\" not found" node="giropops-control-plane"
Jul 31 17:39:21 giropops-control-plane kubelet[253]: E0731 17:39:21.372701     253 kubelet.go:3516] "Unable to register mirror pod because node is not registered yet" err="node \"giropops-control-plane\" not found" node="giropops-control-plane"
Jul 31 17:39:21 giropops-control-plane kubelet[253]: E0731 17:39:21.493000     253 kubelet.go:3516] "Unable to register mirror pod because node is not registered yet" err="node \"giropops-control-plane\" not found" node="giropops-control-plane"
Jul 31 17:39:21 giropops-control-plane kubelet[253]: E0731 17:39:21.578086     253 eviction_manager.go:297] "Eviction manager: failed to get summary stats" err="failed to get node info: node \"giropops-control-plane\" not found"
Jul 31 17:39:21 giropops-control-plane kubelet[253]: E0731 17:39:21.582472     253 kubelet.go:3516] "Unable to register mirror pod because node is not registered yet" err="node \"giropops-control-plane\" not found" node="giropops-control-plane"
Jul 31 17:39:21 giropops-control-plane kubelet[253]: E0731 17:39:21.723540     253 kubelet.go:3516] "Unable to register mirror pod because node is not registered yet" err="node \"giropops-control-plane\" not found" node="giropops-control-plane"
Jul 31 17:39:21 giropops-control-plane kubelet[253]: E0731 17:39:21.779964     253 kubelet.go:3516] "Unable to register mirror pod because node is not registered yet" err="node \"giropops-control-plane\" not found" node="giropops-control-plane"
Jul 31 17:39:21 giropops-control-plane kubelet[253]: E0731 17:39:21.878419     253 kubelet.go:3516] "Unable to register mirror pod because node is not registered yet" err="node \"giropops-control-plane\" not found" node="giropops-control-plane"
Jul 31 17:39:21 giropops-control-plane kubelet[253]: E0731 17:39:21.974617     253 kubelet.go:3516] "Unable to register mirror pod because node is not registered yet" err="node \"giropops-control-plane\" not found" node="giropops-control-plane"
Jul 31 17:39:21 giropops-control-plane kubelet[253]: I0731 17:39:21.978260     253 kubelet_node_status.go:75] "Attempting to register node" node="giropops-control-plane"
Jul 31 17:39:21 giropops-control-plane kubelet[253]: E0731 17:39:21.987010     253 kubelet_node_status.go:108] "Unable to register node with API server" err="Post \"https://172.21.0.2:6443/api/v1/nodes\": dial tcp 172.21.0.2:6443: connect: connection refused" node="giropops-control-plane"
Jul 31 17:39:22 giropops-control-plane kubelet[253]: E0731 17:39:22.085738     253 kubelet.go:3516] "Unable to register mirror pod because node is not registered yet" err="node \"giropops-control-plane\" not found" node="giropops-control-plane"
Jul 31 17:39:22 giropops-control-plane kubelet[253]: E0731 17:39:22.179401     253 controller.go:201] "Failed to ensure lease exists, will retry" err="Get \"https://172.21.0.2:6443/apis/coordination.k8s.io/v1/namespaces/kube-node-lease/leases/giropops-control-plane?timeout=10s\": dial tcp 172.21.0.2:6443: connect: connection refused" interval="7s"
Jul 31 17:39:22 giropops-control-plane kubelet[253]: E0731 17:39:22.199168     253 kubelet.go:3516] "Unable to register mirror pod because node is not registered yet" err="node \"giropops-control-plane\" not found" node="giropops-control-plane"
Jul 31 17:39:22 giropops-control-plane kubelet[253]: E0731 17:39:22.278015     253 kubelet.go:3516] "Unable to register mirror pod because node is not registered yet" err="node \"giropops-control-plane\" not found" node="giropops-control-plane"
Jul 31 17:39:22 giropops-control-plane kubelet[253]: E0731 17:39:22.371727     253 kubelet.go:3516] "Unable to register mirror pod because node is not registered yet" err="node \"giropops-control-plane\" not found" node="giropops-control-plane"
Jul 31 17:39:22 giropops-control-plane kubelet[253]: E0731 17:39:22.489916     253 kubelet.go:3516] "Unable to register mirror pod because node is not registered yet" err="node \"giropops-control-plane\" not found" node="giropops-control-plane"
Jul 31 17:39:22 giropops-control-plane kubelet[253]: E0731 17:39:22.576509     253 kubelet.go:3516] "Unable to register mirror pod because node is not registered yet" err="node \"giropops-control-plane\" not found" node="giropops-control-plane"
Jul 31 17:39:22 giropops-control-plane kubelet[253]: E0731 17:39:22.669699     253 kubelet.go:3516] "Unable to register mirror pod because node is not registered yet" err="node \"giropops-control-plane\" not found" node="giropops-control-plane"
Jul 31 17:39:22 giropops-control-plane kubelet[253]: E0731 17:39:22.773581     253 kubelet.go:3516] "Unable to register mirror pod because node is not registered yet" err="node \"giropops-control-plane\" not found" node="giropops-control-plane"
Jul 31 17:39:22 giropops-control-plane kubelet[253]: E0731 17:39:22.872192     253 kubelet.go:3516] "Unable to register mirror pod because node is not registered yet" err="node \"giropops-control-plane\" not found" node="giropops-control-plane"
Jul 31 17:39:23 giropops-control-plane kubelet[253]: E0731 17:39:23.019946     253 kubelet.go:3516] "Unable to register mirror pod because node is not registered yet" err="node \"giropops-control-plane\" not found" node="giropops-control-plane"
Jul 31 17:39:23 giropops-control-plane kubelet[253]: E0731 17:39:23.087029     253 kubelet.go:3516] "Unable to register mirror pod because node is not registered yet" err="node \"giropops-control-plane\" not found" node="giropops-control-plane"
Jul 31 17:39:23 giropops-control-plane kubelet[253]: E0731 17:39:23.175396     253 kubelet.go:3516] "Unable to register mirror pod because node is not registered yet" err="node \"giropops-control-plane\" not found" node="giropops-control-plane"
Jul 31 17:39:23 giropops-control-plane kubelet[253]: E0731 17:39:23.264227     253 kubelet.go:3516] "Unable to register mirror pod because node is not registered yet" err="node \"giropops-control-plane\" not found" node="giropops-control-plane"
Jul 31 17:39:23 giropops-control-plane kubelet[253]: E0731 17:39:23.392517     253 kubelet.go:3516] "Unable to register mirror pod because node is not registered yet" err="node \"giropops-control-plane\" not found" node="giropops-control-plane"
Jul 31 17:39:23 giropops-control-plane kubelet[253]: E0731 17:39:23.477924     253 kubelet.go:3516] "Unable to register mirror pod because node is not registered yet" err="node \"giropops-control-plane\" not found" node="giropops-control-plane"
Jul 31 17:39:23 giropops-control-plane kubelet[253]: E0731 17:39:23.609473     253 kubelet.go:3516] "Unable to register mirror pod because node is not registered yet" err="node \"giropops-control-plane\" not found" node="giropops-control-plane"
Jul 31 17:39:23 giropops-control-plane kubelet[253]: E0731 17:39:23.667597     253 kubelet.go:3516] "Unable to register mirror pod because node is not registered yet" err="node \"giropops-control-plane\" not found" node="giropops-control-plane"
Jul 31 17:39:23 giropops-control-plane kubelet[253]: E0731 17:39:23.775236     253 kubelet.go:3516] "Unable to register mirror pod because node is not registered yet" err="node \"giropops-control-plane\" not found" node="giropops-control-plane"
Jul 31 17:39:23 giropops-control-plane kubelet[253]: E0731 17:39:23.968264     253 kubelet.go:3516] "Unable to register mirror pod because node is not registered yet" err="node \"giropops-control-plane\" not found" node="giropops-control-plane"
Jul 31 17:39:23 giropops-control-plane kubelet[253]: E0731 17:39:23.968308     253 kubelet.go:3516] "Unable to register mirror pod because node is not registered yet" err="node \"giropops-control-plane\" not found" node="giropops-control-plane"
Jul 31 17:39:24 giropops-control-plane kubelet[253]: E0731 17:39:24.073768     253 kubelet.go:3516] "Unable to register mirror pod because node is not registered yet" err="node \"giropops-control-plane\" not found" node="giropops-control-plane"
Jul 31 17:39:24 giropops-control-plane kubelet[253]: E0731 17:39:24.164994     253 kubelet.go:3516] "Unable to register mirror pod because node is not registered yet" err="node \"giropops-control-plane\" not found" node="giropops-control-plane"
Jul 31 17:39:24 giropops-control-plane kubelet[253]: E0731 17:39:24.285322     253 kubelet.go:3516] "Unable to register mirror pod because node is not registered yet" err="node \"giropops-control-plane\" not found" node="giropops-control-plane"
Jul 31 17:39:24 giropops-control-plane kubelet[253]: E0731 17:39:24.369862     253 kubelet.go:3516] "Unable to register mirror pod because node is not registered yet" err="node \"giropops-control-plane\" not found" node="giropops-control-plane"
Jul 31 17:39:24 giropops-control-plane kubelet[253]: E0731 17:39:24.483408     253 kubelet.go:3516] "Unable to register mirror pod because node is not registered yet" err="node \"giropops-control-plane\" not found" node="giropops-control-plane"
Jul 31 17:39:24 giropops-control-plane kubelet[253]: E0731 17:39:24.676700     253 kubelet.go:3516] "Unable to register mirror pod because node is not registered yet" err="node \"giropops-control-plane\" not found" node="giropops-control-plane"
Jul 31 17:39:24 giropops-control-plane kubelet[253]: E0731 17:39:24.716524     253 kubelet.go:3516] "Unable to register mirror pod because node is not registered yet" err="node \"giropops-control-plane\" not found" node="giropops-control-plane"
Jul 31 17:39:24 giropops-control-plane kubelet[253]: E0731 17:39:24.766371     253 kubelet.go:3516] "Unable to register mirror pod because node is not registered yet" err="node \"giropops-control-plane\" not found" node="giropops-control-plane"
Jul 31 17:39:24 giropops-control-plane kubelet[253]: E0731 17:39:24.704357     253 event.go:368] "Unable to write event (may retry after sleeping)" err="Post \"https://172.21.0.2:6443/api/v1/namespaces/default/events\": dial tcp 172.21.0.2:6443: connect: connection refused" event="&Event{ObjectMeta:{giropops-control-plane.18c77083120e9e56  default    0 0001-01-01 00:00:00 +0000 UTC <nil> <nil> map[] map[] [] [] []},InvolvedObject:ObjectReference{Kind:Node,Namespace:,Name:giropops-control-plane,UID:,APIVersion:v1,ResourceVersion:,FieldPath:,},Reason:Starting,Message:Starting kubelet.,Source:EventSource{Component:kubelet,Host:giropops-control-plane,},FirstTimestamp:2026-07-31 17:38:05.521665622 +0000 UTC m=+5.221008999,LastTimestamp:2026-07-31 17:38:05.521665622 +0000 UTC m=+5.221008999,Count:1,Type:Normal,EventTime:0001-01-01 00:00:00 +0000 UTC,Series:nil,Action:,Related:nil,ReportingController:kubelet,ReportingInstance:giropops-control-plane,}"
Jul 31 17:39:24 giropops-control-plane kubelet[253]: E0731 17:39:24.879170     253 kubelet.go:3516] "Unable to register mirror pod because node is not registered yet" err="node \"giropops-control-plane\" not found" node="giropops-control-plane"
Jul 31 17:39:25 giropops-control-plane kubelet[253]: E0731 17:39:25.041090     253 kubelet.go:3516] "Unable to register mirror pod because node is not registered yet" err="node \"giropops-control-plane\" not found" node="giropops-control-plane"
Jul 31 17:39:25 giropops-control-plane kubelet[253]: E0731 17:39:25.072633     253 kubelet.go:3516] "Unable to register mirror pod because node is not registered yet" err="node \"giropops-control-plane\" not found" node="giropops-control-plane"
Jul 31 17:39:25 giropops-control-plane kubelet[253]: E0731 17:39:25.166355     253 kubelet.go:3516] "Unable to register mirror pod because node is not registered yet" err="node \"giropops-control-plane\" not found" node="giropops-control-plane"
Jul 31 17:39:25 giropops-control-plane kubelet[253]: E0731 17:39:25.274142     253 kubelet.go:3516] "Unable to register mirror pod because node is not registered yet" err="node \"giropops-control-plane\" not found" node="giropops-control-plane"
Jul 31 17:39:25 giropops-control-plane kubelet[253]: E0731 17:39:25.375491     253 kubelet.go:3516] "Unable to register mirror pod because node is not registered yet" err="node \"giropops-control-plane\" not found" node="giropops-control-plane"
Jul 31 17:39:25 giropops-control-plane kubelet[253]: E0731 17:39:25.475216     253 kubelet.go:3516] "Unable to register mirror pod because node is not registered yet" err="node \"giropops-control-plane\" not found" node="giropops-control-plane"
Jul 31 17:39:25 giropops-control-plane kubelet[253]: E0731 17:39:25.576931     253 kubelet.go:3516] "Unable to register mirror pod because node is not registered yet" err="node \"giropops-control-plane\" not found" node="giropops-control-plane"
Jul 31 17:39:25 giropops-control-plane kubelet[253]: E0731 17:39:25.675652     253 kubelet.go:3516] "Unable to register mirror pod because node is not registered yet" err="node \"giropops-control-plane\" not found" node="giropops-control-plane"
Jul 31 17:39:25 giropops-control-plane kubelet[253]: E0731 17:39:25.784945     253 kubelet.go:3516] "Unable to register mirror pod because node is not registered yet" err="node \"giropops-control-plane\" not found" node="giropops-control-plane"
Jul 31 17:39:25 giropops-control-plane kubelet[253]: E0731 17:39:25.871455     253 kubelet.go:3516] "Unable to register mirror pod because node is not registered yet" err="node \"giropops-control-plane\" not found" node="giropops-control-plane"
Jul 31 17:39:25 giropops-control-plane kubelet[253]: E0731 17:39:25.979787     253 kubelet.go:3516] "Unable to register mirror pod because node is not registered yet" err="node \"giropops-control-plane\" not found" node="giropops-control-plane"
Jul 31 17:39:26 giropops-control-plane kubelet[253]: E0731 17:39:26.077241     253 kubelet.go:3516] "Unable to register mirror pod because node is not registered yet" err="node \"giropops-control-plane\" not found" node="giropops-control-plane"
Jul 31 17:39:26 giropops-control-plane kubelet[253]: E0731 17:39:26.177837     253 kubelet.go:3516] "Unable to register mirror pod because node is not registered yet" err="node \"giropops-control-plane\" not found" node="giropops-control-plane"
Jul 31 17:39:26 giropops-control-plane kubelet[253]: E0731 17:39:26.270990     253 kubelet.go:3516] "Unable to register mirror pod because node is not registered yet" err="node \"giropops-control-plane\" not found" node="giropops-control-plane"
Jul 31 17:39:26 giropops-control-plane kubelet[253]: E0731 17:39:26.378944     253 kubelet.go:3516] "Unable to register mirror pod because node is not registered yet" err="node \"giropops-control-plane\" not found" node="giropops-control-plane"
Jul 31 17:39:26 giropops-control-plane kubelet[253]: E0731 17:39:26.472625     253 kubelet.go:3516] "Unable to register mirror pod because node is not registered yet" err="node \"giropops-control-plane\" not found" node="giropops-control-plane"
Jul 31 17:39:26 giropops-control-plane kubelet[253]: E0731 17:39:26.581220     253 kubelet.go:3516] "Unable to register mirror pod because node is not registered yet" err="node \"giropops-control-plane\" not found" node="giropops-control-plane"
Jul 31 17:39:26 giropops-control-plane kubelet[253]: E0731 17:39:26.707531     253 kubelet.go:3516] "Unable to register mirror pod because node is not registered yet" err="node \"giropops-control-plane\" not found" node="giropops-control-plane"
Jul 31 17:39:26 giropops-control-plane kubelet[253]: E0731 17:39:26.790094     253 kubelet.go:3516] "Unable to register mirror pod because node is not registered yet" err="node \"giropops-control-plane\" not found" node="giropops-control-plane"
Jul 31 17:39:26 giropops-control-plane kubelet[253]: E0731 17:39:26.895098     253 kubelet.go:3516] "Unable to register mirror pod because node is not registered yet" err="node \"giropops-control-plane\" not found" node="giropops-control-plane"
Jul 31 17:39:26 giropops-control-plane kubelet[253]: E0731 17:39:26.972122     253 kubelet.go:3516] "Unable to register mirror pod because node is not registered yet" err="node \"giropops-control-plane\" not found" node="giropops-control-plane"
Jul 31 17:39:27 giropops-control-plane kubelet[253]: E0731 17:39:27.070228     253 kubelet.go:3516] "Unable to register mirror pod because node is not registered yet" err="node \"giropops-control-plane\" not found" node="giropops-control-plane"
Jul 31 17:39:27 giropops-control-plane kubelet[253]: E0731 17:39:27.188107     253 kubelet.go:3516] "Unable to register mirror pod because node is not registered yet" err="node \"giropops-control-plane\" not found" node="giropops-control-plane"
Jul 31 17:39:27 giropops-control-plane kubelet[253]: E0731 17:39:27.284984     253 kubelet.go:3516] "Unable to register mirror pod because node is not registered yet" err="node \"giropops-control-plane\" not found" node="giropops-control-plane"
Jul 31 17:39:27 giropops-control-plane kubelet[253]: E0731 17:39:27.399580     253 kubelet.go:3516] "Unable to register mirror pod because node is not registered yet" err="node \"giropops-control-plane\" not found" node="giropops-control-plane"
Jul 31 17:39:27 giropops-control-plane kubelet[253]: E0731 17:39:27.477127     253 kubelet.go:3516] "Unable to register mirror pod because node is not registered yet" err="node \"giropops-control-plane\" not found" node="giropops-control-plane"
Jul 31 17:39:27 giropops-control-plane kubelet[253]: E0731 17:39:27.590761     253 kubelet.go:3516] "Unable to register mirror pod because node is not registered yet" err="node \"giropops-control-plane\" not found" node="giropops-control-plane"
Jul 31 17:39:27 giropops-control-plane kubelet[253]: E0731 17:39:27.713800     253 kubelet.go:3516] "Unable to register mirror pod because node is not registered yet" err="node \"giropops-control-plane\" not found" node="giropops-control-plane"
Jul 31 17:39:27 giropops-control-plane kubelet[253]: E0731 17:39:27.865463     253 kubelet.go:3516] "Unable to register mirror pod because node is not registered yet" err="node \"giropops-control-plane\" not found" node="giropops-control-plane"
Jul 31 17:39:27 giropops-control-plane kubelet[253]: E0731 17:39:27.947964     253 kubelet.go:3516] "Unable to register mirror pod because node is not registered yet" err="node \"giropops-control-plane\" not found" node="giropops-control-plane"
Jul 31 17:39:27 giropops-control-plane kubelet[253]: E0731 17:39:27.966780     253 kubelet.go:3516] "Unable to register mirror pod because node is not registered yet" err="node \"giropops-control-plane\" not found" node="giropops-control-plane"
Jul 31 17:39:28 giropops-control-plane kubelet[253]: E0731 17:39:28.070071     253 kubelet.go:3516] "Unable to register mirror pod because node is not registered yet" err="node \"giropops-control-plane\" not found" node="giropops-control-plane"
Jul 31 17:39:28 giropops-control-plane kubelet[253]: E0731 17:39:28.164221     253 kubelet.go:3516] "Unable to register mirror pod because node is not registered yet" err="node \"giropops-control-plane\" not found" node="giropops-control-plane"
Jul 31 17:39:28 giropops-control-plane kubelet[253]: E0731 17:39:28.266599     253 kubelet.go:3516] "Unable to register mirror pod because node is not registered yet" err="node \"giropops-control-plane\" not found" node="giropops-control-plane"
Jul 31 17:39:28 giropops-control-plane kubelet[253]: E0731 17:39:28.381155     253 kubelet.go:3516] "Unable to register mirror pod because node is not registered yet" err="node \"giropops-control-plane\" not found" node="giropops-control-plane"
Jul 31 17:39:28 giropops-control-plane kubelet[253]: E0731 17:39:28.469796     253 kubelet.go:3516] "Unable to register mirror pod because node is not registered yet" err="node \"giropops-control-plane\" not found" node="giropops-control-plane"
Jul 31 17:39:28 giropops-control-plane kubelet[253]: E0731 17:39:28.566560     253 kubelet.go:3516] "Unable to register mirror pod because node is not registered yet" err="node \"giropops-control-plane\" not found" node="giropops-control-plane"
Jul 31 17:39:28 giropops-control-plane kubelet[253]: E0731 17:39:28.665742     253 kubelet.go:3516] "Unable to register mirror pod because node is not registered yet" err="node \"giropops-control-plane\" not found" node="giropops-control-plane"
Jul 31 17:39:28 giropops-control-plane kubelet[253]: E0731 17:39:28.785256     253 kubelet.go:3516] "Unable to register mirror pod because node is not registered yet" err="node \"giropops-control-plane\" not found" node="giropops-control-plane"
Jul 31 17:39:28 giropops-control-plane kubelet[253]: E0731 17:39:28.887065     253 kubelet.go:3516] "Unable to register mirror pod because node is not registered yet" err="node \"giropops-control-plane\" not found" node="giropops-control-plane"
Jul 31 17:39:29 giropops-control-plane kubelet[253]: E0731 17:39:28.987163     253 kubelet.go:3516] "Unable to register mirror pod because node is not registered yet" err="node \"giropops-control-plane\" not found" node="giropops-control-plane"
Jul 31 17:39:29 giropops-control-plane kubelet[253]: E0731 17:39:29.134716     253 kubelet.go:3516] "Unable to register mirror pod because node is not registered yet" err="node \"giropops-control-plane\" not found" node="giropops-control-plane"
Jul 31 17:39:29 giropops-control-plane kubelet[253]: I0731 17:39:29.135107     253 kubelet_node_status.go:75] "Attempting to register node" node="giropops-control-plane"
Jul 31 17:39:29 giropops-control-plane kubelet[253]: E0731 17:39:29.166047     253 kubelet.go:3516] "Unable to register mirror pod because node is not registered yet" err="node \"giropops-control-plane\" not found" node="giropops-control-plane"
Jul 31 17:39:29 giropops-control-plane kubelet[253]: E0731 17:39:29.166748     253 kubelet_node_status.go:108] "Unable to register node with API server" err="Post \"https://172.21.0.2:6443/api/v1/nodes\": dial tcp 172.21.0.2:6443: connect: connection refused" node="giropops-control-plane"
Jul 31 17:39:29 giropops-control-plane kubelet[253]: E0731 17:39:29.184651     253 controller.go:201] "Failed to ensure lease exists, will retry" err="Get \"https://172.21.0.2:6443/apis/coordination.k8s.io/v1/namespaces/kube-node-lease/leases/giropops-control-plane?timeout=10s\": dial tcp 172.21.0.2:6443: connect: connection refused" interval="7s"
Jul 31 17:39:29 giropops-control-plane kubelet[253]: E0731 17:39:29.282937     253 kubelet.go:3516] "Unable to register mirror pod because node is not registered yet" err="node \"giropops-control-plane\" not found" node="giropops-control-plane"
Jul 31 17:39:29 giropops-control-plane kubelet[253]: E0731 17:39:29.405013     253 kubelet.go:3516] "Unable to register mirror pod because node is not registered yet" err="node \"giropops-control-plane\" not found" node="giropops-control-plane"
Jul 31 17:39:29 giropops-control-plane kubelet[253]: E0731 17:39:29.484714     253 kubelet.go:3516] "Unable to register mirror pod because node is not registered yet" err="node \"giropops-control-plane\" not found" node="giropops-control-plane"
Jul 31 17:39:29 giropops-control-plane kubelet[253]: E0731 17:39:29.572928     253 kubelet.go:3516] "Unable to register mirror pod because node is not registered yet" err="node \"giropops-control-plane\" not found" node="giropops-control-plane"
Jul 31 17:39:29 giropops-control-plane kubelet[253]: E0731 17:39:29.665844     253 kubelet.go:3516] "Unable to register mirror pod because node is not registered yet" err="node \"giropops-control-plane\" not found" node="giropops-control-plane"
Jul 31 17:39:29 giropops-control-plane kubelet[253]: E0731 17:39:29.776009     253 kubelet.go:3516] "Unable to register mirror pod because node is not registered yet" err="node \"giropops-control-plane\" not found" node="giropops-control-plane"
Jul 31 17:39:29 giropops-control-plane kubelet[253]: E0731 17:39:29.885029     253 kubelet.go:3516] "Unable to register mirror pod because node is not registered yet" err="node \"giropops-control-plane\" not found" node="giropops-control-plane"
Jul 31 17:39:30 giropops-control-plane kubelet[253]: E0731 17:39:30.003941     253 kubelet.go:3516] "Unable to register mirror pod because node is not registered yet" err="node \"giropops-control-plane\" not found" node="giropops-control-plane"
Jul 31 17:39:30 giropops-control-plane kubelet[253]: E0731 17:39:30.104740     253 kubelet.go:3516] "Unable to register mirror pod because node is not registered yet" err="node \"giropops-control-plane\" not found" node="giropops-control-plane"
Jul 31 17:39:30 giropops-control-plane kubelet[253]: E0731 17:39:30.165502     253 kubelet.go:3516] "Unable to register mirror pod because node is not registered yet" err="node \"giropops-control-plane\" not found" node="giropops-control-plane"
Jul 31 17:39:30 giropops-control-plane kubelet[253]: E0731 17:39:30.279841     253 kubelet.go:3516] "Unable to register mirror pod because node is not registered yet" err="node \"giropops-control-plane\" not found" node="giropops-control-plane"
Jul 31 17:39:30 giropops-control-plane kubelet[253]: E0731 17:39:30.379528     253 kubelet.go:3516] "Unable to register mirror pod because node is not registered yet" err="node \"giropops-control-plane\" not found" node="giropops-control-plane"
Jul 31 17:39:30 giropops-control-plane kubelet[253]: E0731 17:39:30.479003     253 kubelet.go:3516] "Unable to register mirror pod because node is not registered yet" err="node \"giropops-control-plane\" not found" node="giropops-control-plane"
Jul 31 17:39:30 giropops-control-plane kubelet[253]: E0731 17:39:30.584224     253 kubelet.go:3516] "Unable to register mirror pod because node is not registered yet" err="node \"giropops-control-plane\" not found" node="giropops-control-plane"
Jul 31 17:39:30 giropops-control-plane kubelet[253]: E0731 17:39:30.667729     253 kubelet.go:3516] "Unable to register mirror pod because node is not registered yet" err="node \"giropops-control-plane\" not found" node="giropops-control-plane"
Jul 31 17:39:30 giropops-control-plane kubelet[253]: E0731 17:39:30.851364     253 kubelet.go:3516] "Unable to register mirror pod because node is not registered yet" err="node \"giropops-control-plane\" not found" node="giropops-control-plane"
Jul 31 17:39:30 giropops-control-plane kubelet[253]: E0731 17:39:30.874405     253 kubelet.go:3516] "Unable to register mirror pod because node is not registered yet" err="node \"giropops-control-plane\" not found" node="giropops-control-plane"
Jul 31 17:39:30 giropops-control-plane kubelet[253]: E0731 17:39:30.982094     253 kubelet.go:3516] "Unable to register mirror pod because node is not registered yet" err="node \"giropops-control-plane\" not found" node="giropops-control-plane"
Jul 31 17:39:31 giropops-control-plane kubelet[253]: E0731 17:39:31.071803     253 kubelet.go:3516] "Unable to register mirror pod because node is not registered yet" err="node \"giropops-control-plane\" not found" node="giropops-control-plane"
Jul 31 17:39:31 giropops-control-plane kubelet[253]: E0731 17:39:31.171904     253 kubelet.go:3516] "Unable to register mirror pod because node is not registered yet" err="node \"giropops-control-plane\" not found" node="giropops-control-plane"
Jul 31 17:39:31 giropops-control-plane kubelet[253]: E0731 17:39:31.268634     253 kubelet.go:3516] "Unable to register mirror pod because node is not registered yet" err="node \"giropops-control-plane\" not found" node="giropops-control-plane"
Jul 31 17:39:31 giropops-control-plane kubelet[253]: E0731 17:39:31.365298     253 kubelet.go:3516] "Unable to register mirror pod because node is not registered yet" err="node \"giropops-control-plane\" not found" node="giropops-control-plane"
Jul 31 17:39:31 giropops-control-plane kubelet[253]: E0731 17:39:31.469979     253 kubelet.go:3516] "Unable to register mirror pod because node is not registered yet" err="node \"giropops-control-plane\" not found" node="giropops-control-plane"
Jul 31 17:39:31 giropops-control-plane kubelet[253]: E0731 17:39:31.569547     253 kubelet.go:3516] "Unable to register mirror pod because node is not registered yet" err="node \"giropops-control-plane\" not found" node="giropops-control-plane"
Jul 31 17:39:31 giropops-control-plane kubelet[253]: E0731 17:39:31.597289     253 eviction_manager.go:297] "Eviction manager: failed to get summary stats" err="failed to get node info: node \"giropops-control-plane\" not found"
Jul 31 17:39:31 giropops-control-plane kubelet[253]: E0731 17:39:31.684922     253 kubelet.go:3516] "Unable to register mirror pod because node is not registered yet" err="node \"giropops-control-plane\" not found" node="giropops-control-plane"
Jul 31 17:39:31 giropops-control-plane kubelet[253]: E0731 17:39:31.776158     253 kubelet.go:3516] "Unable to register mirror pod because node is not registered yet" err="node \"giropops-control-plane\" not found" node="giropops-control-plane"
Jul 31 17:39:31 giropops-control-plane kubelet[253]: E0731 17:39:31.901192     253 kubelet.go:3516] "Unable to register mirror pod because node is not registered yet" err="node \"giropops-control-plane\" not found" node="giropops-control-plane"
Jul 31 17:39:32 giropops-control-plane kubelet[253]: E0731 17:39:32.005488     253 kubelet.go:3516] "Unable to register mirror pod because node is not registered yet" err="node \"giropops-control-plane\" not found" node="giropops-control-plane"
Jul 31 17:39:32 giropops-control-plane kubelet[253]: E0731 17:39:32.074283     253 kubelet.go:3516] "Unable to register mirror pod because node is not registered yet" err="node \"giropops-control-plane\" not found" node="giropops-control-plane"
Jul 31 17:39:32 giropops-control-plane kubelet[253]: E0731 17:39:32.192621     253 kubelet.go:3516] "Unable to register mirror pod because node is not registered yet" err="node \"giropops-control-plane\" not found" node="giropops-control-plane"
Jul 31 17:39:32 giropops-control-plane kubelet[253]: E0731 17:39:32.283859     253 kubelet.go:3516] "Unable to register mirror pod because node is not registered yet" err="node \"giropops-control-plane\" not found" node="giropops-control-plane"
Jul 31 17:39:32 giropops-control-plane kubelet[253]: E0731 17:39:32.364199     253 kubelet.go:3516] "Unable to register mirror pod because node is not registered yet" err="node \"giropops-control-plane\" not found" node="giropops-control-plane"
Jul 31 17:39:32 giropops-control-plane kubelet[253]: E0731 17:39:32.512000     253 kubelet.go:3516] "Unable to register mirror pod because node is not registered yet" err="node \"giropops-control-plane\" not found" node="giropops-control-plane"
Jul 31 17:39:32 giropops-control-plane kubelet[253]: E0731 17:39:32.575169     253 kubelet.go:3516] "Unable to register mirror pod because node is not registered yet" err="node \"giropops-control-plane\" not found" node="giropops-control-plane"
Jul 31 17:39:32 giropops-control-plane kubelet[253]: E0731 17:39:32.699915     253 kubelet.go:3516] "Unable to register mirror pod because node is not registered yet" err="node \"giropops-control-plane\" not found" node="giropops-control-plane"
Jul 31 17:39:33 giropops-control-plane kubelet[253]: E0731 17:39:32.992736     253 kubelet.go:3516] "Unable to register mirror pod because node is not registered yet" err="node \"giropops-control-plane\" not found" node="giropops-control-plane"
Jul 31 17:39:33 giropops-control-plane kubelet[253]: E0731 17:39:33.139958     253 kubelet.go:3516] "Unable to register mirror pod because node is not registered yet" err="node \"giropops-control-plane\" not found" node="giropops-control-plane"
Jul 31 17:39:33 giropops-control-plane kubelet[253]: E0731 17:39:33.169607     253 kubelet.go:3516] "Unable to register mirror pod because node is not registered yet" err="node \"giropops-control-plane\" not found" node="giropops-control-plane"
Jul 31 17:39:33 giropops-control-plane kubelet[253]: E0731 17:39:33.276672     253 kubelet.go:3516] "Unable to register mirror pod because node is not registered yet" err="node \"giropops-control-plane\" not found" node="giropops-control-plane"
Jul 31 17:39:33 giropops-control-plane kubelet[253]: E0731 17:39:33.409435     253 kubelet.go:3516] "Unable to register mirror pod because node is not registered yet" err="node \"giropops-control-plane\" not found" node="giropops-control-plane"
Jul 31 17:39:33 giropops-control-plane kubelet[253]: E0731 17:39:33.470730     253 kubelet.go:3516] "Unable to register mirror pod because node is not registered yet" err="node \"giropops-control-plane\" not found" node="giropops-control-plane"
Jul 31 17:39:33 giropops-control-plane kubelet[253]: E0731 17:39:33.590077     253 kubelet.go:3516] "Unable to register mirror pod because node is not registered yet" err="node \"giropops-control-plane\" not found" node="giropops-control-plane"
Jul 31 17:39:33 giropops-control-plane kubelet[253]: E0731 17:39:33.687334     253 kubelet.go:3516] "Unable to register mirror pod because node is not registered yet" err="node \"giropops-control-plane\" not found" node="giropops-control-plane"
Jul 31 17:39:33 giropops-control-plane kubelet[253]: E0731 17:39:33.765864     253 kubelet.go:3516] "Unable to register mirror pod because node is not registered yet" err="node \"giropops-control-plane\" not found" node="giropops-control-plane"
Jul 31 17:39:33 giropops-control-plane kubelet[253]: E0731 17:39:33.876201     253 kubelet.go:3516] "Unable to register mirror pod because node is not registered yet" err="node \"giropops-control-plane\" not found" node="giropops-control-plane"
Jul 31 17:39:33 giropops-control-plane kubelet[253]: E0731 17:39:33.967815     253 kubelet.go:3516] "Unable to register mirror pod because node is not registered yet" err="node \"giropops-control-plane\" not found" node="giropops-control-plane"
Jul 31 17:39:34 giropops-control-plane kubelet[253]: E0731 17:39:34.119753     253 kubelet.go:3516] "Unable to register mirror pod because node is not registered yet" err="node \"giropops-control-plane\" not found" node="giropops-control-plane"
Jul 31 17:39:34 giropops-control-plane kubelet[253]: E0731 17:39:34.202146     253 kubelet.go:3516] "Unable to register mirror pod because node is not registered yet" err="node \"giropops-control-plane\" not found" node="giropops-control-plane"
Jul 31 17:39:34 giropops-control-plane kubelet[253]: E0731 17:39:34.267803     253 kubelet.go:3516] "Unable to register mirror pod because node is not registered yet" err="node \"giropops-control-plane\" not found" node="giropops-control-plane"
Jul 31 17:39:34 giropops-control-plane kubelet[253]: E0731 17:39:34.377080     253 kubelet.go:3516] "Unable to register mirror pod because node is not registered yet" err="node \"giropops-control-plane\" not found" node="giropops-control-plane"
Jul 31 17:39:34 giropops-control-plane kubelet[253]: E0731 17:39:34.520697     253 kubelet.go:3516] "Unable to register mirror pod because node is not registered yet" err="node \"giropops-control-plane\" not found" node="giropops-control-plane"
Jul 31 17:39:34 giropops-control-plane kubelet[253]: E0731 17:39:34.566626     253 kubelet.go:3516] "Unable to register mirror pod because node is not registered yet" err="node \"giropops-control-plane\" not found" node="giropops-control-plane"
Jul 31 17:39:34 giropops-control-plane kubelet[253]: E0731 17:39:34.722800     253 kubelet.go:3516] "Unable to register mirror pod because node is not registered yet" err="node \"giropops-control-plane\" not found" node="giropops-control-plane"
Jul 31 17:39:34 giropops-control-plane kubelet[253]: E0731 17:39:34.864764     253 kubelet.go:3516] "Unable to register mirror pod because node is not registered yet" err="node \"giropops-control-plane\" not found" node="giropops-control-plane"
Jul 31 17:39:34 giropops-control-plane kubelet[253]: E0731 17:39:34.872597     253 kubelet.go:3516] "Unable to register mirror pod because node is not registered yet" err="node \"giropops-control-plane\" not found" node="giropops-control-plane"
Jul 31 17:39:34 giropops-control-plane kubelet[253]: E0731 17:39:34.917198     253 event.go:368] "Unable to write event (may retry after sleeping)" err="Post \"https://172.21.0.2:6443/api/v1/namespaces/default/events\": dial tcp 172.21.0.2:6443: connect: connection refused" event="&Event{ObjectMeta:{giropops-control-plane.18c77083120e9e56  default    0 0001-01-01 00:00:00 +0000 UTC <nil> <nil> map[] map[] [] [] []},InvolvedObject:ObjectReference{Kind:Node,Namespace:,Name:giropops-control-plane,UID:,APIVersion:v1,ResourceVersion:,FieldPath:,},Reason:Starting,Message:Starting kubelet.,Source:EventSource{Component:kubelet,Host:giropops-control-plane,},FirstTimestamp:2026-07-31 17:38:05.521665622 +0000 UTC m=+5.221008999,LastTimestamp:2026-07-31 17:38:05.521665622 +0000 UTC m=+5.221008999,Count:1,Type:Normal,EventTime:0001-01-01 00:00:00 +0000 UTC,Series:nil,Action:,Related:nil,ReportingController:kubelet,ReportingInstance:giropops-control-plane,}"
Jul 31 17:39:34 giropops-control-plane kubelet[253]: E0731 17:39:34.976192     253 kubelet.go:3516] "Unable to register mirror pod because node is not registered yet" err="node \"giropops-control-plane\" not found" node="giropops-control-plane"
Jul 31 17:39:35 giropops-control-plane kubelet[253]: E0731 17:39:35.073627     253 kubelet.go:3516] "Unable to register mirror pod because node is not registered yet" err="node \"giropops-control-plane\" not found" node="giropops-control-plane"
Jul 31 17:39:35 giropops-control-plane kubelet[253]: E0731 17:39:35.172825     253 kubelet.go:3516] "Unable to register mirror pod because node is not registered yet" err="node \"giropops-control-plane\" not found" node="giropops-control-plane"
Jul 31 17:39:35 giropops-control-plane kubelet[253]: E0731 17:39:35.303806     253 kubelet.go:3516] "Unable to register mirror pod because node is not registered yet" err="node \"giropops-control-plane\" not found" node="giropops-control-plane"
Jul 31 17:39:35 giropops-control-plane kubelet[253]: E0731 17:39:35.393341     253 kubelet.go:3516] "Unable to register mirror pod because node is not registered yet" err="node \"giropops-control-plane\" not found" node="giropops-control-plane"
Jul 31 17:39:35 giropops-control-plane kubelet[253]: E0731 17:39:35.514432     253 kubelet.go:3516] "Unable to register mirror pod because node is not registered yet" err="node \"giropops-control-plane\" not found" node="giropops-control-plane"
Jul 31 17:39:35 giropops-control-plane kubelet[253]: E0731 17:39:35.575387     253 kubelet.go:3516] "Unable to register mirror pod because node is not registered yet" err="node \"giropops-control-plane\" not found" node="giropops-control-plane"
Jul 31 17:39:35 giropops-control-plane kubelet[253]: E0731 17:39:35.670603     253 kubelet.go:3516] "Unable to register mirror pod because node is not registered yet" err="node \"giropops-control-plane\" not found" node="giropops-control-plane"
Jul 31 17:39:35 giropops-control-plane kubelet[253]: E0731 17:39:35.776188     253 kubelet.go:3516] "Unable to register mirror pod because node is not registered yet" err="node \"giropops-control-plane\" not found" node="giropops-control-plane"
Jul 31 17:39:35 giropops-control-plane kubelet[253]: E0731 17:39:35.869981     253 kubelet.go:3516] "Unable to register mirror pod because node is not registered yet" err="node \"giropops-control-plane\" not found" node="giropops-control-plane"
Jul 31 17:39:36 giropops-control-plane kubelet[253]: E0731 17:39:36.001070     253 kubelet.go:3516] "Unable to register mirror pod because node is not registered yet" err="node \"giropops-control-plane\" not found" node="giropops-control-plane"
Jul 31 17:39:36 giropops-control-plane kubelet[253]: E0731 17:39:36.087085     253 kubelet.go:3516] "Unable to register mirror pod because node is not registered yet" err="node \"giropops-control-plane\" not found" node="giropops-control-plane"
Jul 31 17:39:36 giropops-control-plane kubelet[253]: E0731 17:39:36.203431     253 kubelet.go:3516] "Unable to register mirror pod because node is not registered yet" err="node \"giropops-control-plane\" not found" node="giropops-control-plane"
Jul 31 17:39:36 giropops-control-plane kubelet[253]: E0731 17:39:36.223626     253 controller.go:201] "Failed to ensure lease exists, will retry" err="Get \"https://172.21.0.2:6443/apis/coordination.k8s.io/v1/namespaces/kube-node-lease/leases/giropops-control-plane?timeout=10s\": dial tcp 172.21.0.2:6443: connect: connection refused" interval="7s"
Jul 31 17:39:36 giropops-control-plane kubelet[253]: E0731 17:39:36.267521     253 kubelet.go:3516] "Unable to register mirror pod because node is not registered yet" err="node \"giropops-control-plane\" not found" node="giropops-control-plane"
Jul 31 17:39:36 giropops-control-plane kubelet[253]: I0731 17:39:36.289316     253 kubelet_node_status.go:75] "Attempting to register node" node="giropops-control-plane"
Jul 31 17:39:36 giropops-control-plane kubelet[253]: E0731 17:39:36.380898     253 kubelet.go:3516] "Unable to register mirror pod because node is not registered yet" err="node \"giropops-control-plane\" not found" node="giropops-control-plane"
Jul 31 17:39:36 giropops-control-plane kubelet[253]: E0731 17:39:36.483876     253 kubelet.go:3516] "Unable to register mirror pod because node is not registered yet" err="node \"giropops-control-plane\" not found" node="giropops-control-plane"
Jul 31 17:39:36 giropops-control-plane kubelet[253]: E0731 17:39:36.506818     253 kubelet_node_status.go:108] "Unable to register node with API server" err="Post \"https://172.21.0.2:6443/api/v1/nodes\": dial tcp 172.21.0.2:6443: connect: connection refused" node="giropops-control-plane"
Jul 31 17:39:36 giropops-control-plane kubelet[253]: E0731 17:39:36.621071     253 kubelet.go:3516] "Unable to register mirror pod because node is not registered yet" err="node \"giropops-control-plane\" not found" node="giropops-control-plane"
Jul 31 17:39:36 giropops-control-plane kubelet[253]: E0731 17:39:36.672640     253 kubelet.go:3516] "Unable to register mirror pod because node is not registered yet" err="node \"giropops-control-plane\" not found" node="giropops-control-plane"
Jul 31 17:39:37 giropops-control-plane kubelet[253]: E0731 17:39:37.054728     253 kubelet.go:3516] "Unable to register mirror pod because node is not registered yet" err="node \"giropops-control-plane\" not found" node="giropops-control-plane"
Jul 31 17:39:37 giropops-control-plane kubelet[253]: E0731 17:39:37.074014     253 kubelet.go:3516] "Unable to register mirror pod because node is not registered yet" err="node \"giropops-control-plane\" not found" node="giropops-control-plane"
Jul 31 17:39:37 giropops-control-plane kubelet[253]: E0731 17:39:37.175159     253 kubelet.go:3516] "Unable to register mirror pod because node is not registered yet" err="node \"giropops-control-plane\" not found" node="giropops-control-plane"
Jul 31 17:39:37 giropops-control-plane kubelet[253]: E0731 17:39:37.279071     253 kubelet.go:3516] "Unable to register mirror pod because node is not registered yet" err="node \"giropops-control-plane\" not found" node="giropops-control-plane"
Jul 31 17:39:37 giropops-control-plane kubelet[253]: E0731 17:39:37.384068     253 kubelet.go:3516] "Unable to register mirror pod because node is not registered yet" err="node \"giropops-control-plane\" not found" node="giropops-control-plane"
Jul 31 17:39:37 giropops-control-plane kubelet[253]: E0731 17:39:37.637277     253 kubelet.go:3516] "Unable to register mirror pod because node is not registered yet" err="node \"giropops-control-plane\" not found" node="giropops-control-plane"
Jul 31 17:39:37 giropops-control-plane kubelet[253]: E0731 17:39:37.667884     253 kubelet.go:3516] "Unable to register mirror pod because node is not registered yet" err="node \"giropops-control-plane\" not found" node="giropops-control-plane"
Jul 31 17:39:37 giropops-control-plane kubelet[253]: E0731 17:39:37.765248     253 kubelet.go:3516] "Unable to register mirror pod because node is not registered yet" err="node \"giropops-control-plane\" not found" node="giropops-control-plane"
Jul 31 17:39:37 giropops-control-plane kubelet[253]: E0731 17:39:37.867034     253 kubelet.go:3516] "Unable to register mirror pod because node is not registered yet" err="node \"giropops-control-plane\" not found" node="giropops-control-plane"
